iteration,density_residual_log10,cl,cd
0,-4.495295471,2.097204788e-13,0.027261453
0,-4.494821724,2.472083952e-13,0.0272647192
0,-4.494298467,2.758045528e-13,0.02726805758
0,-4.493534972,3.011431165e-13,0.02727136567
0,-4.492770105,3.240519832e-13,0.02727454402
0,-4.49195145,3.426287032e-13,0.02727752653
0,-4.491074451,3.5711359e-13,0.02728031673
0,-4.490152838,3.671668004e-13,0.02728292169
0,-4.489203037,3.733375371e-13,0.02728524788
0,-4.488247422,3.75385595e-13,0.02728727926
0,-4.487292739,3.743200411e-13,0.02728900753
0,-4.486339399,3.695433716e-13,0.02729042846
0,-4.485386971,3.61156092e-13,0.02729153929
0,-4.484434456,3.490422469e-13,0.02729238691
0,-4.483478044,3.343526627e-13,0.02729301361
0,-4.482517609,3.173609379e-13,0.02729344231
0,-4.48155301,2.984563551e-13,0.02729370846
0,-4.480585653,2.780269504e-13,0.02729385212
0,-4.479614893,2.567359845e-13,0.02729390912
0,-4.47864054,2.358001489e-13,0.02729391192
0,-4.477665195,2.147587121e-13,0.02729387915
0,-4.47670984,1.939498909e-13,0.02729386465
0,-4.475751489,1.734874722e-13,0.02729390362
0,-4.474782652,1.53889488e-13,0.02729393069
0,-4.47380564,1.354970281e-13,0.02729405251
0,-4.472826691,1.186558989e-13,0.02729425176
0,-4.471835636,1.029717761e-13,0.02729452289
0,-4.470831625,8.86598195e-14,0.02729485417
0,-4.469824732,7.564028614e-14,0.02729523261
0,-4.468812807,6.417799235e-14,0.02729562576
0,-4.467795359,5.419471295e-14,0.02729601972
0,-4.466771852,4.567472702e-14,0.02729640811
0,-4.465742025,3.853921305e-14,0.02729678899
0,-4.464705626,3.318341695e-14,0.02729716382
0,-4.463661993,2.952960142e-14,0.02729753339
0,-4.462610345,2.736629283e-14,0.02729789729
0,-4.461549898,2.695928333e-14,0.02729825433
0,-4.460481854,2.789831083e-14,0.0272986029
0,-4.459406003,3.052245956e-14,0.02729894153
0,-4.458323558,3.450966726e-14,0.02729926896
0,-4.457236397,3.985337451e-14,0.02729958368
0,-4.456145151,4.645665363e-14,0.02729988425
0,-4.455049888,5.437067897e-14,0.02730016872
0,-4.453950992,6.330960062e-14,0.02730043575
0,-4.452848159,7.349259005e-14,0.02730068495
0,-4.451742048,8.420841064e-14,0.02730091646
0,-4.450632558,9.592489563e-14,0.02730113072
0,-4.449519298,1.081600087e-13,0.02730133102
0,-4.448401535,1.20881766e-13,0.02730152346
0,-4.447279322,1.341225308e-13,0.02730171759
0,-4.446152628,1.476443208e-13,0.02730191151
0,-4.445020512,1.61303425e-13,0.02730210369
0,-4.443882419,1.751979096e-13,0.02730229261
0,-4.442737179,1.91386349e-13,0.02730247745
0,-4.441585407,2.073910705e-13,0.02730266147
0,-4.440428435,2.228857832e-13,0.02730284246
0,-4.439267775,2.380351775e-13,0.02730302098
0,-4.438103423,2.52654668e-13,0.02730319893
0,-4.436936779,2.671424822e-13,0.02730337763
0,-4.435769857,2.808936352e-13,0.02730355657
0,-4.434604541,2.938313113e-13,0.02730375816
0,-4.433439702,3.059063419e-13,0.02730397738
0,-4.432274768,3.170786116e-13,0.02730420569
0,-4.431108608,3.270845509e-13,0.02730443282
0,-4.429940662,3.36321086e-13,0.02730464817
0,-4.428770575,3.446860852e-13,0.02730484166
0,-4.427598721,3.518726651e-13,0.02730500417
0,-4.426424507,3.581113813e-13,0.02730512785
0,-4.42524734,3.634635995e-13,0.02730520625
0,-4.424067474,3.678048534e-13,0.02730523432
0,-4.422884867,3.710660251e-13,0.02730520835
0,-4.42169972,3.735992093e-13,0.02730512593
0,-4.420515195,3.751252239e-13,0.02730498568
0,-4.419327644,3.753938892e-13,0.02730478731
0,-4.418137089,3.750840242e-13,0.02730452978
0,-4.416943369,3.73756256e-13,0.02730421528
0,-4.415746188,3.718884467e-13,0.02730384677
0,-4.414549903,3.695234765e-13,0.02730342733
0,-4.413355878,3.664250435e-13,0.0273029606
0,-4.412164685,3.629178663e-13,0.02730244992
0,-4.41097509,3.589494695e-13,0.0273018987
0,-4.409787289,3.544159866e-13,0.02730131023
0,-4.408601966,3.498494354e-13,0.02730069914
0,-4.407416594,3.448198758e-13,0.02730006781
0,-4.406230198,3.396744691e-13,0.02729941291
0,-4.40504458,3.345734063e-13,0.0272987345
0,-4.403858632,3.294120619e-13,0.02729803402
0,-4.402671984,3.244373086e-13,0.02729731337
0,-4.401483381,3.194569175e-13,0.02729657448
0,-4.400292998,3.145530711e-13,0.02729581917
0,-4.399103392,3.098035066e-13,0.02729504902
0,-4.39791351,3.05055948e-13,0.02729426548
0,-4.396724495,3.00509563e-13,0.02729346998
0,-4.395535842,2.959815552e-13,0.0272926639
0,-4.394351231,2.916829105e-13,0.02729184856
0,-4.393172329,2.877093637e-13,0.02729102502
0,-4.392004618,2.836879494e-13,0.02729019432
0,-4.390847278,2.799312431e-13,0.02728935758
0,-4.389698168,2.763553817e-13,0.0272885159
0,-4.388554209,2.72938627e-13,0.02728767027
0,-4.387411373,2.695756487e-13,0.02728682168
0,-4.386267635,2.663934611e-13,0.02728597109
0,-4.385124589,2.633923895e-13,0.02728511946
0,-4.383980162,2.606464307e-13,0.02728426776
0,-4.38283931,2.578872445e-13,0.02728341694
0,-4.381700598,2.552828825e-13,0.02728256794
0,-4.380568745,2.529729898e-13,0.02728172177
0,-4.379445132,2.505759272e-13,0.02728087944
0,-4.37833527,2.483830741e-13,0.02728004182
0,-4.377247929,2.461240847e-13,0.02727921262
0,-4.376172094,2.439452178e-13,0.02727839371
0,-4.375106094,2.417886312e-13,0.02727758575
0,-4.374053956,2.395785935e-13,0.02727678936
0,-4.373008642,2.374081834e-13,0.02727600509
0,-4.371977931,2.352221608e-13,0.0272752335
0,-4.370960329,2.330377102e-13,0.02727447516
0,-4.369946764,2.3081721e-13,0.02727373065
0,-4.368937055,2.285623947e-13,0.02727300061
0,-4.367926132,2.263052484e-13,0.02727228774
0,-4.36691618,2.242369701e-13,0.02727160367
0,-4.365911596,2.220372866e-13,0.02727094613
0,-4.364914159,2.198340793e-13,0.02727031271
0,-4.363935372,2.176160185e-13,0.02726970113
0,-4.362981776,2.152975606e-13,0.02726910936
0,-4.362058447,2.130204108e-13,0.02726853629
0,-4.361158838,2.106507785e-13,0.02726798346
0,-4.360281902,2.081078365e-13,0.02726745272
0,-4.359419265,2.052917298e-13,0.02726694065
0,-4.358580233,2.025051676e-13,0.02726644234
0,-4.357746133,1.994147035e-13,0.0272659563
0,-4.356922042,1.960382269e-13,0.02726548253
0,-4.356104601,1.921869781e-13,0.02726502133
0,-4.355298542,1.881900126e-13,0.02726457914
0,-4.354504299,1.839444938e-13,0.02726415983
0,-4.353720418,1.794401758e-13,0.02726376481
0,-4.352935498,1.746831846e-13,0.02726339455
0,-4.352150776,1.698825542e-13,0.02726304923
0,-4.351377893,1.648301721e-13,0.02726272886
0,-4.350614256,1.596379821e-13,0.02726243334
0,-4.349862494,1.54084807e-13,0.02726216246
0,-4.34913376,1.484534067e-13,0.02726191593
0,-4.348427878,1.427848183e-13,0.02726169342
0,-4.347743554,1.368590571e-13,0.02726149456
0,-4.347080593,1.308648827e-13,0.02726131893
0,-4.346429219,1.246167882e-13,0.02726116612
0,-4.345794685,1.179975171e-13,0.02726103571
0,-4.345160071,1.112708016e-13,0.02726092728
0,-4.344528793,1.043449181e-13,0.02726084046
0,-4.343890521,9.736168035e-14,0.02726077488
0,-4.34326284,9.033708026e-14,0.02726073014
0,-4.34262926,8.346968949e-14,0.02726070584
0,-4.341995132,7.655313015e-14,0.02726070159
0,-4.341360067,6.964752126e-14,0.02726071699
0,-4.34072951,6.295859016e-14,0.02726075168
0,-4.340109787,5.62746464e-14,0.02726080533
0,-4.339498403,4.997543178e-14,0.02726087766
0,-4.338908454,4.365957465e-14,0.02726096841
0,-4.338362672,3.75596906e-14,0.02726107741
0,-4.337858786,3.181580433e-14,0.0272612045
0,-4.337389963,2.620695544e-14,0.02726134956
0,-4.336967949,2.078269197e-14,0.02726151244
0,-4.336557649,1.566536614e-14,0.02726169302
0,-4.336159836,1.095358613e-14,0.0272618912
0,-4.3357542,6.453117121e-15,0.0272621069
0,-4.33534038,1.923320444e-15,0.02726234005
0,-4.334918939,-2.295418629e-15,0.02726259062
0,-4.334476198,-6.32333812e-15,0.02726285861
0,-4.334005338,-9.982412032e-15,0.02726314409
0,-4.333515447,-1.342258553e-14,0.02726344715
0,-4.332993125,-1.647640357e-14,0.02726376793
0,-4.332450249,-1.925315376e-14,0.02726410662
0,-4.331899045,-2.168838026e-14,0.02726446343
0,-4.331357148,-2.370559261e-14,0.02726483858
0,-4.330827057,-2.544085819e-14,0.02726523235
0,-4.330336809,-2.677751684e-14,0.02726564502
0,-4.32987677,-2.733945882e-14,0.02726607679
0,-4.329460477,-2.762449557e-14,0.02726653104
0,-4.329081482,-2.749119292e-14,0.02726700935
0,-4.328758469,-2.699788093e-14,0.0272675117
0,-4.328460294,-2.640802074e-14,0.02726803892
0,-4.328194232,-2.525562225e-14,0.0272685915
0,-4.327942321,-2.400878975e-14,0.02726916952
0,-4.327693983,-2.233890156e-14,0.0272697731
0,-4.327435604,-2.048388585e-14,0.02727040248
0,-4.327161122,-1.840351873e-14,0.02727105803
0,-4.326872717,-1.578229734e-14,0.02727174011
0,-4.326561469,-1.316953274e-14,0.02727244912
0,-4.326236852,-1.01189673e-14,0.0272731855
0,-4.325887722,-6.837629421e-15,0.02727394971
0,-4.32551,-3.518994991e-15,0.0272747421
0,-4.32511884,2.318024245e-16,0.02727556295
0,-4.324728283,4.000109705e-15,0.02727641239
0,-4.324359174,8.144418299e-15,0.02727729037
0,-4.323985404,1.244566516e-14,0.02727819665
0,-4.323616059,1.694705574e-14,0.02727913087
0,-4.323279882,2.1701987e-14,0.02728009255
0,-4.322980566,2.659043775e-14,0.02728108123
0,-4.322704738,3.152518394e-14,0.02728209646
0,-4.322457651,3.667509005e-14,0.02728313783
0,-4.322229132,4.083674588e-14,0.02728420517
0,-4.322010449,4.527427695e-14,0.02728529854
0,-4.32179156,4.954532878e-14,0.02728641754
0,-4.32154672,5.391829561e-14,0.02728756182
0,-4.321301481,5.835447143e-14,0.02728873109
0,-4.321042167,6.287125768e-14,0.02728992509
0,-4.320786961,6.740045804e-14,0.02729114356
0,-4.320528589,7.182741815e-14,0.02729238625
0,-4.320270589,7.629189164e-14,0.02729365288
0,-4.319998461,8.079111382e-14,0.02729494319
0,-4.319747647,8.520793663e-14,0.02729625687
0,-4.319524002,8.96706754e-14,0.02729759356
0,-4.319324244,9.401317615e-14,0.02729895291
0,-4.319137887,9.845574876e-14,0.0273003345
0,-4.318979145,1.026498764e-13,0.02730173779
0,-4.31885289,1.06936595e-13,0.02730316222
0,-4.318751065,1.109907522e-13,0.02730460709
0,-4.318629109,1.149778515e-13,0.02730607154
0,-4.31848089,1.187557539e-13,0.02730755484
0,-4.31831133,1.225137613e-13,0.02730905624
0,-4.318127353,1.258387383e-13,0.02731057494
0,-4.3179044,1.289089278e-13,0.02731211008
0,-4.31763661,1.317745826e-13,0.0273136608
0,-4.317334114,1.341249702e-13,0.02731522615
0,-4.317027141,1.360565848e-13,0.02731680517
0,-4.316724692,1.374214327e-13,0.02731839686
0,-4.3164162,1.382446132e-13,0.02732000014
0,-4.316091695,1.386205061e-13,0.02732161391
0,-4.315800289,1.383520577e-13,0.02732323699
0,-4.315542246,1.375235104e-13,0.02732486824
0,-4.31533036,1.360956161e-13,0.02732650647
0,-4.31516287,1.339164782e-13,0.02732815044
0,-4.315055867,1.312233742e-13,0.02732979891
0,-4.314983334,1.276865441e-13,0.02733145071
0,-4.314955667,1.238064555e-13,0.02733310473
0,-4.314974683,1.193287006e-13,0.02733475989
0,-4.314995033,1.141886607e-13,0.02733641511
0,-4.315029752,1.087475921e-13,0.02733806926
0,-4.31503707,1.026914014e-13,0.02733972123
0,-4.315016925,9.624619894e-14,0.02734136984
0,-4.314977979,8.949942567e-14,0.02734301391
0,-4.314878477,8.242099494e-14,0.02734465225
0,-4.314719774,7.502922979e-14,0.02734628362
0,-4.314508196,6.745146976e-14,0.02734790679
0,-4.314251711,5.97459365e-14,0.02734952052
0,-4.313967735,5.172717723e-14,0.02735112355
0,-4.313656427,4.373823352e-14,0.02735271467
0,-4.313343359,3.550995218e-14,0.02735429274
0,-4.313060176,2.759690263e-14,0.02735585649
0,-4.312796752,1.942429507e-14,0.02735740462
0,-4.31256197,1.14135589e-14,0.02735893587
0,-4.312366527,2.951903045e-15,0.02736044896
0,-4.312226413,-5.390653202e-15,0.02736194249
0,-4.312160932,-1.35447209e-14,0.02736341529
0,-4.312115719,-2.161286558e-14,0.02736486622
0,-4.312073897,-2.952233727e-14,0.0273662942
0,-4.312058378,-3.71467722e-14,0.02736769821
0,-4.312040583,-4.456591346e-14,0.0273690773
0,-4.312023408,-5.189278911e-14,0.02737043059
0,-4.311983837,-5.869447723e-14,0.02737175731
0,-4.311931671,-6.524701569e-14,0.02737305678
0,-4.31185467,-7.148426816e-14,0.02737432844
0,-4.311765403,-7.727325724e-14,0.02737557182
0,-4.311660365,-8.260541773e-14,0.02737678653
0,-4.311539002,-8.751501043e-14,0.02737797227
0,-4.311422454,-9.208204945e-14,0.02737912874
0,-4.31131256,-9.603082218e-14,0.02738025546
0,-4.311222076,-9.951376745e-14,0.02738135161
0,-4.311110321,-1.024212724e-13,0.02738241649
0,-4.310995114,-1.048881576e-13,0.02738344948
0,-4.310896197,-1.068553883e-13,0.02738445013
0,-4.31080799,-1.082793252e-13,0.02738541829
0,-4.310733403,-1.093521432e-13,0.02738635401
0,-4.310650501,-1.099856968e-13,0.02738725755
0,-4.310578516,-1.100767697e-13,0.02738812942
0,-4.310492564,-1.098461599e-13,0.02738897041
0,-4.310400166,-1.092999389e-13,0.02738978174
0,-4.310276264,-1.081893364e-13,0.0273905651
0,-4.310127871,-1.067426312e-13,0.02739132262
0,-4.309987657,-1.050528479e-13,0.02739205626
0,-4.309836867,-1.028235114e-13,0.02739276748
0,-4.309678604,-1.004070416e-13,0.02739345699
0,-4.309504992,-9.696876548e-14,0.02739412498
0,-4.309319286,-9.306932395e-14,0.02739477115
0,-4.309149429,-8.868188302e-14,0.02739539481
0,-4.309037261,-8.375136522e-14,0.02739599497
0,-4.308927772,-7.83788724e-14,0.02739657036
0,-4.308863226,-7.281545158e-14,0.02739711959
0,-4.308815398,-6.714323108e-14,0.02739764141
0,-4.308795034,-6.129227985e-14,0.02739813539
0,-4.308844654,-5.54525501e-14,0.02739860797
0,-4.308935162,-4.949231129e-14,0.0273990602
0,-4.30902515,-4.364678107e-14,0.02739949138
0,-4.309125526,-3.804205215e-14,0.02739990076
0,-4.309225302,-3.277304643e-14,0.02740028773
0,-4.309296638,-2.763593391e-14,0.02740065177
0,-4.309318032,-2.298031557e-14,0.02740099249
0,-4.309293047,-1.863786903e-14,0.0274013096
0,-4.309185852,-1.458842812e-14,0.02740160292
0,-4.309044788,-1.087682461e-14,0.02740187239
0,-4.308871391,-7.461913032e-15,0.02740211805
0,-4.308679512,-4.386302519e-15,0.02740234007
0,-4.308460012,-1.507637331e-15,0.0274025388
0,-4.30822367,1.046146676e-15,0.02740271466
0,-4.307992388,3.321453355e-15,0.02740286813
0,-4.307765962,5.397321045e-15,0.02740299971
0,-4.307580349,7.303998985e-15,0.02740310996
0,-4.30742877,8.814563662e-15,0.02740319947
0,-4.307300552,1.015143915e-14,0.02740326888
0,-4.307207111,1.115649456e-14,0.02740331885
0,-4.307189959,1.170867873e-14,0.02740335006
0,-4.307211645,1.216160419e-14,0.02740336323
0,-4.307245382,1.226693443e-14,0.02740335906
0,-4.307314782,1.181774947e-14,0.02740333804
0,-4.307383847,1.115600667e-14,0.02740330055
0,-4.30743013,1.000328292e-14,0.02740324736
0,-4.307495928,8.466968446e-15,0.02740317924
0,-4.30754317,6.498924662e-15,0.02740309697
0,-4.30755632,3.963680512e-15,0.0274030002
0,-4.307549735,1.06278918e-15,0.02740288961
0,-4.307520392,-2.339762498e-15,0.02740276606
0,-4.307459342,-5.897626137e-15,0.02740263042
0,-4.307404104,-9.793869275e-15,0.02740248354
0,-4.307352935,-1.390950072e-14,0.02740232628
0,-4.307267663,-1.855286758e-14,0.02740215946
0,-4.307172155,-2.361376069e-14,0.0274019839
0,-4.307073081,-2.974503239e-14,0.02740180042
0,-4.306948717,-3.632630221e-14,0.02740160998
0,-4.306843965,-4.32903496e-14,0.02740141347
0,-4.306760949,-5.060253432e-14,0.02740121165
0,-4.306688867,-5.837057183e-14,0.02740100504
0,-4.30662272,-6.643421707e-14,0.02740079359
0,-4.306566361,-7.48420965e-14,0.02740057661
0,-4.306514797,-8.345727538e-14,0.0274003529
0,-4.306464,-9.227726005e-14,0.02740012093
0,-4.30641303,-1.01503929e-13,0.02739987907
0,-4.30634811,-1.109328558e-13,0.02739962578
0,-4.306269025,-1.205302676e-13,0.02739935969
0,-4.306187169,-1.30341701e-13,0.0273990797
0,-4.306089886,-1.404278712e-13,0.02739878485
0,-4.305968413,-1.505644025e-13,0.02739847234
0,-4.305867389,-1.608258882e-13,0.02739814158
0,-4.305756944,-1.708721597e-13,0.02739779254
0,-4.305650596,-1.81064907e-13,0.02739742559
0,-4.305603572,-1.892929715e-13,0.02739704191
0,-4.305587226,-1.954190932e-13,0.02739664203
0,-4.3055738,-1.997727071e-13,0.02739622667
0,-4.305586605,-2.023203653e-13,0.02739579668
0,-4.305628312,-2.032799385e-13,0.02739535305
0,-4.305699718,-2.028266877e-13,0.02739489689
0,-4.305829354,-2.009382786e-13,0.02739442936
0,-4.305978832,-1.977633552e-13,0.02739395172
0,-4.306095587,-1.934705651e-13,0.0273934652
0,-4.306169544,-1.880669557e-13,0.02739297101
0,-4.306210226,-1.817242103e-13,0.02739247044
0,-4.306209478,-1.742073283e-13,0.02739196517
0,-4.306164218,-1.660041462e-13,0.02739145723
0,-4.306102937,-1.569261214e-13,0.02739094649
0,-4.305988837,-1.474007006e-13,0.02739043476
0,-4.305829757,-1.376058013e-13,0.02738992413
0,-4.305656104,-1.275672276e-13,0.02738941655
0,-4.305452351,-1.176895495e-13,0.02738891374
0,-4.305233743,-1.080878551e-13,0.02738841717
0,-4.305033284,-9.855489905e-14,0.02738792801
0,-4.30485622,-8.940943689e-14,0.02738744716
0,-4.304687898,-8.075468462e-14,0.02738697533
0,-4.304577277,-7.259855694e-14,0.02738651298
0,-4.304497291,-6.511501408e-14,0.02738606197
0,-4.304416953,-5.845546486e-14,0.02738562281
0,-4.304366158,-5.269531556e-14,0.02738519521
0,-4.304374141,-4.778588549e-14,0.02738477877
0,-4.304418657,-4.360845452e-14,0.02738437306
0,-4.304476678,-4.032733349e-14,0.02738397748
0,-4.304561646,-3.81983941e-14,0.02738359132
0,-4.304677739,-3.688098004e-14,0.0273832138
0,-4.304774688,-3.639195065e-14,0.02738284406
0,-4.304872951,-3.660559269e-14,0.0273824812
0,-4.304939198,-3.736296212e-14,0.0273821243
0,-4.305013064,-3.869474186e-14,0.02738177241
0,-4.305078205,-4.023024318e-14,0.02738142461
0,-4.30511914,-4.209263146e-14,0.02738107998
0,-4.305090843,-4.402516763e-14,0.02738073762
0,-4.305040447,-4.589476585e-14,0.02738039666
0,-4.30495449,-4.761886415e-14,0.02738005627
0,-4.304823852,-4.908714494e-14,0.02737971564
0,-4.3047215,-5.035766725e-14,0.02737937402
0,-4.304635528,-5.084349825e-14,0.0273790307
0,-4.304516751,-5.085862287e-14,0.02737868498
0,-4.30438779,-5.016831135e-14,0.02737833626
0,-4.304264829,-4.895362544e-14,0.02737798404
0,-4.304165489,-4.691603009e-14,0.02737762771
0,-4.304090221,-4.434077888e-14,0.02737726671
0,-4.304020231,-4.125785e-14,0.02737690051
0,-4.303964781,-3.770275108e-14,0.02737652868
0,-4.303927361,-3.366642902e-14,0.02737615083
0,-4.303901414,-2.953599821e-14,0.02737576671
0,-4.303883571,-2.779769687e-14,0.02737537606
0,-4.303836023,-2.631754406e-14,0.02737497883
0,-4.303807123,-2.493675839e-14,0.02737457506
0,-4.303746592,-2.352458506e-14,0.02737416496
0,-4.30368085,-2.202627187e-14,0.0273737488
0,-4.303607547,-2.058146405e-14,0.02737332698
0,-4.303562683,-1.89471377e-14,0.0273729
0,-4.303517716,-1.748557896e-14,0.02737246846
0,-4.303469639,-1.607812191e-14,0.02737203301
0,-4.303447183,-1.450602876e-14,0.0273715944
0,-4.303473299,-1.325269105e-14,0.02737115343
0,-4.303515318,-1.185076343e-14,0.02737071094
0,-4.303546771,-1.076645283e-14,0.02737026782
0,-4.30362366,-9.656392439e-15,0.02736982496
0,-4.303720713,-8.593332209e-15,0.02736938325
0,-4.30378955,-7.542089783e-15,0.02736894355
0,-4.303829219,-6.671746489e-15,0.02736850672
0,-4.303883514,-5.872201597e-15,0.02736807349
0,-4.303934407,-5.031131761e-15,0.02736764448
0,-4.303965411,-4.494505896e-15,0.02736722009
0,-4.303961601,-3.889629504e-15,0.02736680049
0,-4.303944471,-3.491185206e-15,0.02736638562
0,-4.303913438,-3.34395055e-15,0.0273659752
0,-4.30381495,-3.169665051e-15,0.02736556886
0,-4.303668731,-3.147601537e-15,0.02736516629
0,-4.303532543,-3.256780696e-15,0.02736476718
0,-4.303393003,-3.668506471e-15,0.02736437132
0,-4.303206818,-4.039466244e-15,0.02736397852
0,-4.303018936,-4.597396682e-15,0.02736358854
0,-4.302856137,-5.335521521e-15,0.02736320127
0,-4.302695225,-6.165640914e-15,0.0273628167
0,-4.302581418,-7.040321017e-15,0.02736243485
0,-4.302475608,-8.112922226e-15,0.02736205578
0,-4.302410212,-9.183246611e-15,0.02736167951
0,-4.302340449,-1.038166948e-14,0.0273613061
0,-4.302304596,-1.150864343e-14,0.02736093554
0,-4.302297796,-1.300945029e-14,0.02736056781
0,-4.302327254,-1.416374613e-14,0.02736020289
0,-4.302386924,-1.545871721e-14,0.02735984072
0,-4.302481071,-1.669920712e-14,0.02735948116
0,-4.30258097,-1.800626705e-14,0.02735912399
0,-4.30270314,-1.923195761e-14,0.02735876891
0,-4.302817709,-2.052562764e-14,0.02735841562
0,-4.302914446,-2.173863303e-14,0.02735806378
0,-4.303049639,-2.274894682e-14,0.0273577131
0,-4.303137062,-2.377427682e-14,0.02735736327
0,-4.303177693,-2.455988971e-14,0.02735701398
0,-4.303161726,-2.532148753e-14,0.02735666499
0,-4.303141546,-2.607674276e-14,0.02735631602
0,-4.303072605,-2.664085315e-14,0.0273559668
0,-4.302970815,-2.718458054e-14,0.0273556171
0,-4.302871031,-2.747352042e-14,0.02735526667
0,-4.302764032,-2.775427457e-14,0.02735491533
0,-4.302628523,-2.776235188e-14,0.02735456287
0,-4.302488868,-2.75431262e-14,0.02735420914
0,-4.302344441,-2.705214525e-14,0.02735385397
0,-4.302212477,-2.637603677e-14,0.02735349726
0,-4.302096147,-2.538279916e-14,0.02735313891
0,-4.301975406,-2.401773442e-14,0.02735277888
0,-4.301891522,-2.238476331e-14,0.02735241715
0,-4.301833978,-2.04272905e-14,0.02735205371
0,-4.301796198,-1.832513091e-14,0.02735168861
0,-4.301778611,-1.603703064e-14,0.02735132187
0,-4.301756683,-1.345695473e-14,0.02735095354
0,-4.301751781,-1.077875853e-14,0.02735058364
0,-4.30172462,-7.733451466e-15,0.02735021216
0,-4.301698633,-4.694703827e-15,0.02734983917
0,-4.301667673,-1.702251621e-15,0.02734946475
0,-4.3016472,1.330370276e-15,0.027349089
0,-4.301634349,4.391398269e-15,0.02734871204
0,-4.301622879,7.699895409e-15,0.02734833464
0,-4.301623271,1.099549054e-14,0.0273479569
0,-4.301631571,1.434063372e-14,0.02734757902
0,-4.301628394,1.768810792e-14,0.0273472012
0,-4.301636443,2.102045751e-14,0.02734682363
0,-4.301686557,2.412837725e-14,0.02734644648
0,-4.301764545,2.725803524e-14,0.02734606993
0,-4.301817505,3.026105842e-14,0.02734569406
0,-4.301844771,3.310280652e-14,0.02734531893
0,-4.301874149,3.590471019e-14,0.02734494458
0,-4.301896208,3.839479732e-14,0.02734457094
0,-4.30189679,4.086656144e-14,0.02734419791
0,-4.301925624,4.307307549e-14,0.02734382539
0,-4.301925268,4.511533291e-14,0.02734345332
0,-4.301901282,4.693657572e-14,0.02734308169
0,-4.301859959,4.863275581e-14,0.02734271049
0,-4.301777813,5.000264525e-14,0.02734233974
0,-4.301691876,5.129306268e-14,0.02734196945
0,-4.301586288,5.227930719e-14,0.02734159967
0,-4.301463008,5.291313178e-14,0.02734123044
0,-4.301348368,5.331179291e-14,0.0273408618
0,-4.301226718,5.331477447e-14,0.02734049381
0,-4.30107239,5.327764055e-14,0.02734012655
0,-4.300899678,5.288418358e-14,0.02733976009
0,-4.300783369,5.222704864e-14,0.02733939451
0,-4.300688056,5.136039163e-14,0.0273390299
0,-4.300557085,5.02823152e-14,0.02733866637
0,-4.30044413,4.877700891e-14,0.02733830404
0,-4.300346149,4.705860267e-14,0.02733795553
0,-4.300306152,4.504485977e-14,0.0273376154
0,-4.300300777,4.291684196e-14,0.02733727923
0,-4.300301052,4.03306403e-14,0.02733694461
0,-4.300311065,3.775067281e-14,0.02733661029
0,-4.300361995,3.456149212e-14,0.02733627571
0,-4.300439072,3.093039063e-14,0.02733594072
0,-4.300547527,2.679887562e-14,0.02733560542
0,-4.300643872,2.244125025e-14,0.02733527002
0,-4.300756534,1.760310647e-14,0.02733493483
0,-4.300892399,1.259403823e-14,0.02733460019
0,-4.301007875,7.195253508e-15,0.02733426645
0,-4.301088833,1.894426456e-15,0.02733393395
0,-4.301153287,-3.710627725e-15,0.02733360304
0,-4.301164712,-9.208345891e-15,0.02733327404
0,-4.301145172,-1.486143023e-14,0.02733294725
0,-4.301104519,-2.034597534e-14,0.02733262295
0,-4.301066909,-2.578232766e-14,0.02733230141
0,-4.300977367,-3.125657285e-14,0.02733198284
0,-4.300832112,-3.646361641e-14,0.02733166743
0,-4.300677869,-4.154933776e-14,0.02733135534
0,-4.300510016,-4.637669372e-14,0.02733104672
0,-4.300363632,-5.102905945e-14,0.02733074169
0,-4.300210548,-5.547819149e-14,0.02733044035
0,-4.300071878,-5.961366383e-14,0.02733014275
0,-4.299947907,-6.356379182e-14,0.02732984892
0,-4.299826984,-6.717044455e-14,0.02732955887
0,-4.299728044,-7.065295614e-14,0.02732927254
0,-4.299642896,-7.376613426e-14,0.0273289899
0,-4.299580183,-7.673522191e-14,0.02732871088
0,-4.299536131,-7.944827522e-14,0.02732843539
0,-4.299517237,-8.186214293e-14,0.02732816334
0,-4.299510354,-8.409088313e-14,0.02732789465
0,-4.299495018,-8.621071522e-14,0.02732762933
0,-4.299492245,-8.802686228e-14,0.02732736739
0,-4.299478916,-8.976250732e-14,0.02732710869
0,-4.299472865,-9.111521216e-14,0.0273268531
0,-4.299503006,-9.244878084e-14,0.0273266005
0,-4.299534248,-9.365940098e-14,0.02732635079
0,-4.299538576,-9.457631076e-14,0.02732610387
0,-4.299530655,-9.530793038e-14,0.02732585966
0,-4.299557342,-9.583631631e-14,0.02732561808
0,-4.299602918,-9.614363342e-14,0.02732537905
0,-4.299643067,-9.622744225e-14,0.02732514253
0,-4.299674075,-9.610243374e-14,0.02732490847
0,-4.299683011,-9.590012161e-14,0.02732467685
0,-4.299701979,-9.54179227e-14,0.02732444764
0,-4.299737673,-9.467741261e-14,0.02732422083
0,-4.299751919,-9.389196235e-14,0.02732399639
0,-4.299745198,-9.282630003e-14,0.02732377435
0,-4.299712741,-9.160884941e-14,0.02732355468
0,-4.299679652,-9.029029694e-14,0.02732333741
0,-4.299641876,-8.872958791e-14,0.02732312258
0,-4.299592581,-8.701475955e-14,0.02732291022
0,-4.299520071,-8.515047391e-14,0.02732270036
0,-4.299431842,-8.315266878e-14,0.02732249302
0,-4.299327362,-8.109680462e-14,0.02732228823
0,-4.299230412,-7.888611639e-14,0.02732208597
0,-4.299151034,-7.657313368e-14,0.02732188621
0,-4.299048406,-7.419715883e-14,0.02732168891
0,-4.298912028,-7.167275671e-14,0.02732149405
0,-4.298793938,-6.908118825e-14,0.02732130157
0,-4.298682338,-6.645145588e-14,0.02732111139
0,-4.29858134,-6.37760786e-14,0.02732092344
0,-4.298476804,-6.095747821e-14,0.02732073762
0,-4.298382828,-5.828703405e-14,0.02732055389
0,-4.298288361,-5.555370617e-14,0.02732037248
0,-4.298175386,-5.278655117e-14,0.02732019349
0,-4.298090883,-5.023634503e-14,0.02732001695
0,-4.298039741,-4.74352003e-14,0.02731984286
0,-4.298001441,-4.482563409e-14,0.02731967117
0,-4.298002075,-4.224371504e-14,0.02731950184
0,-4.298010915,-3.973628067e-14,0.02731933481
0,-4.298041916,-3.739331978e-14,0.02731917
0,-4.298106951,-3.49817831e-14,0.02731900735
0,-4.298173064,-3.26897797e-14,0.02731884681
0,-4.298248735,-3.057395916e-14,0.02731868833
0,-4.298345475,-2.863502621e-14,0.02731853187
0,-4.298449652,-2.676559061e-14,0.02731837741
0,-4.298559035,-2.504935278e-14,0.02731822494
0,-4.298636187,-2.341193645e-14,0.02731807449
0,-4.298678177,-2.178395268e-14,0.02731792608
0,-4.298738243,-2.043710253e-14,0.02731777978
0,-4.298743602,-1.918192168e-14,0.02731763564
0,-4.298714399,-1.813566658e-14,0.02731749374
0,-4.298663217,-1.707260635e-14,0.02731735417
0,-4.298612918,-1.617645904e-14,0.02731721696
0,-4.298527744,-1.531901776e-14,0.02731708219
0,-4.298396309,-1.460989532e-14,0.02731694987
0,-4.298238106,-1.395796456e-14,0.02731682001
0,-4.298084708,-1.353366204e-14,0.02731669273
0,-4.297922217,-1.316785223e-14,0.02731656814
0,-4.297748899,-1.291181788e-14,0.02731644639
0,-4.297591503,-1.279315195e-14,0.02731632765
0,-4.297450133,-1.290037955e-14,0.02731621209
0,-4.297302943,-1.286221563e-14,0.02731609986
0,-4.297191382,-1.292634619e-14,0.02731599109
0,-4.297083774,-1.316346121e-14,0.02731588589
0,-4.297007998,-1.330462433e-14,0.02731578433
0,-4.29695958,-1.349327551e-14,0.02731568646
0,-4.296900119,-1.370176759e-14,0.02731559227
0,-4.296840854,-1.392527586e-14,0.02731550173
0,-4.296812505,-1.415236201e-14,0.02731541473
0,-4.296808335,-1.432973748e-14,0.02731533115
0,-4.296823918,-1.437343083e-14,0.02731525081
0,-4.296826743,-1.446558802e-14,0.02731517348
0,-4.296843208,-1.441435946e-14,0.0273150989
0,-4.296895967,-1.431916651e-14,0.02731502677
0,-4.2969531,-1.409538718e-14,0.02731495675
0,-4.296991606,-1.385062854e-14,0.02731488853
0,-4.297004949,-1.345722579e-14,0.02731482184
0,-4.29705024,-1.297123216e-14,0.02731475631
0,-4.297090289,-1.237334887e-14,0.0273146916
0,-4.297141828,-1.160969107e-14,0.02731462736
0,-4.29718159,-1.070091281e-14,0.0273145633
0,-4.297183834,-9.871823411e-15,0.02731449919
0,-4.29716538,-8.887801519e-15,0.0273144349
0,-4.297166804,-7.576892672e-15,0.02731437036
0,-4.297132944,-6.401021206e-15,0.02731430557
0,-4.29709387,-5.12057844e-15,0.02731424064
0,-4.297038213,-3.748520591e-15,0.02731417571
0,-4.296985783,-2.247984784e-15,0.02731411097
0,-4.296911807,-7.40130613e-16,0.02731404667
0,-4.296846944,9.001588537e-16,0.02731398306
0,-4.296749122,2.402266754e-15,0.02731392041
0,-4.29664487,3.953868483e-15,0.02731385897
0,-4.296526538,5.528617928e-15,0.02731379892
0,-4.296390749,7.08168333e-15,0.02731374046
0,-4.296284473,8.448699639e-15,0.0273136837
0,-4.296213359,9.757169031e-15,0.02731362873
0,-4.296107769,1.105956689e-14,0.02731357558
0,-4.296008757,1.204326352e-14,0.02731352423
0,-4.295913603,1.319181309e-14,0.02731347462
0,-4.295830829,1.394641781e-14,0.02731342667
0,-4.295748583,1.478596976e-14,0.02731338025
0,-4.295664585,1.524198519e-14,0.02731333521
0,-4.295579412,1.559830824e-14,0.02731329139
0,-4.295521372,1.576771482e-14,0.02731324859
0,-4.29542846,1.567393134e-14,0.0273132066
0,-4.295366504,1.541757173e-14,0.02731316519
0,-4.29531751,1.482955468e-14,0.0273131241
0,-4.295286719,1.388001042e-14,0.02731308304
0,-4.295273977,1.290222269e-14,0.02731304169
0,-4.295253588,1.135680092e-14,0.02731299969
0,-4.295257776,9.621372709e-15,0.02731295666
0,-4.295258327,7.527019372e-15,0.02731291221
0,-4.29528234,5.171102262e-15,0.02731286589
0,-4.295333479,2.498218646e-15,0.02731281726
0,-4.295392461,-7.908170646e-16,0.02731276584
0,-4.295465848,-4.32200933e-15,0.02731271119
0,-4.295538388,-8.267475246e-15,0.02731265285
0,-4.295587679,-1.272013094e-14,0.02731259042
0,-4.295630205,-1.733183909e-14,0.02731252359
0,-4.2956699,-2.237565602e-14,0.02731245209
0,-4.295715749,-2.753846413e-14,0.02731237574
0,-4.295716512,-3.292613578e-14,0.02731229445
0,-4.295694247,-3.836704175e-14,0.02731220822
0,-4.295650986,-4.40942313e-14,0.02731211714
0,-4.295617899,-4.97100733e-14,0.02731202134
0,-4.295553563,-5.523402916e-14,0.02731192106
0,-4.295438589,-6.073711412e-14,0.02731181655
0,-4.295292884,-6.622773076e-14,0.02731170815
0,-4.295144815,-7.130179693e-14,0.02731159622
0,-4.294994322,-7.635331169e-14,0.02731148119
0,-4.29482357,-8.106671801e-14,0.02731136353
0,-4.294663967,-8.560432094e-14,0.027311244
0,-4.294517989,-8.971068246e-14,0.02731112312
0,-4.294366878,-9.363397644e-14,0.02731100108
0,-4.294243196,-9.709404504e-14,0.02731087797
0,-4.294101273,-1.002403455e-13,0.02731075421
0,-4.293976897,-1.03086051e-13,0.02731063036
0,-4.293873848,-1.057122597e-13,0.02731050692
0,-4.293808153,-1.078377296e-13,0.02731038434
0,-4.293739166,-1.096087739e-13,0.027310263
0,-4.293679569,-1.110199714e-13,0.02731014329
0,-4.293629029,-1.121477043e-13,0.02731002554
0,-4.29359136,-1.129258362e-13,0.02730991006
0,-4.293608117,-1.133522529e-13,0.02730979713
0,-4.293626587,-1.134425128e-13,0.027309687
0,-4.293646756,-1.133929105e-13,0.02730957988
0,-4.29368405,-1.129814016e-13,0.02730947594
0,-4.293718204,-1.12241542e-13,0.02730937534
0,-4.293750273,-1.113577004e-13,0.0273092782
0,-4.293807306,-1.103508018e-13,0.02730918458
0,-4.293885098,-1.090493798e-13,0.02730909447
0,-4.293948059,-1.075051506e-13,0.02730900782
0,-4.294006977,-1.058802026e-13,0.02730892451
0,-4.294048639,-1.040864985e-13,0.02730884438
0,-4.294100867,-1.020991017e-13,0.0273087672
0,-4.294115741,-1.000756552e-13,0.02730869272
0,-4.294085752,-9.773247749e-14,0.02730862066
0,-4.294052886,-9.541819375e-14,0.02730855071
0,-4.29401577,-9.287823332e-14,0.02730848256
0,-4.293946151,-9.033605027e-14,0.02730841592
0,-4.293869619,-8.773868134e-14,0.02730835056
0,-4.293773914,-8.522382019e-14,0.0273082863
0,-4.29365892,-8.244192004e-14,0.02730822305
0,-4.293531893,-7.95581049e-14,0.02730816084
0,-4.2934088,-7.699125625e-14,0.02730809978
0,-4.293284475,-7.42012788e-14,0.02730804012
0,-4.293152596,-7.167834035e-14,0.02730798219
0,-4.29301719,-6.909013292e-14,0.02730792636
0,-4.29286602,-6.641237039e-14,0.02730787307
0,-4.292729634,-6.392987268e-14,0.02730782275
0,-4.292621743,-6.143962292e-14,0.02730777578
0,-4.292537644,-5.911330453e-14,0.02730773253
0,-4.292462639,-5.685279721e-14,0.02730769329
0,-4.292364566,-5.461630497e-14,0.02730765826
0,-4.292264126,-5.252639686e-14,0.02730762761
0,-4.292198563,-5.05284291e-14,0.02730760135
0,-4.292161895,-4.863692999e-14,0.02730757947
0,-4.292113119,-4.677296961e-14,0.02730756181
0,-4.292056983,-4.512059129e-14,0.0273075482
0,-4.291999115,-4.353565035e-14,0.02730753838
0,-4.29196339,-4.208162681e-14,0.02730753206
0,-4.291948036,-4.059426406e-14,0.0273075289
0,-4.291922771,-3.937751817e-14,0.02730752856
0,-4.291909163,-3.82289686e-14,0.02730753062
0,-4.291898648,-3.725839082e-14,0.02730753467
0,-4.291911843,-3.642610302e-14,0.02730754022
0,-4.291933259,-3.568103929e-14,0.02730754676
0,-4.291957979,-3.500287083e-14,0.02730755366
0,-4.291973199,-3.446423919e-14,0.0273075603
0,-4.291994512,-3.392972752e-14,0.02730756602
0,-4.292026302,-3.364067922e-14,0.02730757016
0,-4.292070344,-3.326939418e-14,0.02730757206
0,-4.292113172,-3.303742913e-14,0.02730757108
0,-4.292141626,-3.294218197e-14,0.02730756661
0,-4.292135586,-3.271206006e-14,0.0273075581
0,-4.292094173,-3.258645524e-14,0.02730754504
0,-4.292071915,-3.252140311e-14,0.02730752699
0,-4.292022711,-3.23594233e-14,0.0273075036
0,-4.291992327,-3.22516536e-14,0.02730747459
0,-4.291956756,-3.215862906e-14,0.02730743986
0,-4.291887492,-3.20167612e-14,0.02730740046
0,-4.291798513,-3.18065344e-14,0.02730735848
0,-4.291698527,-3.153965804e-14,0.0273073143
0,-4.291601716,-3.137431721e-14,0.02730726745
0,-4.291470626,-3.10364256e-14,0.0273072172
0,-4.291337187,-3.078044547e-14,0.02730716278
0,-4.291184202,-3.037912803e-14,0.02730710349
0,-4.291039049,-3.001689609e-14,0.02730703877
0,-4.290900085,-2.950016533e-14,0.02730696822
0,-4.290754383,-2.894987852e-14,0.02730689161
0,-4.290606648,-2.832792594e-14,0.02730680894
0,-4.290458819,-2.767279678e-14,0.02730672037
0,-4.290346408,-2.699527884e-14,0.02730662621
0,-4.290257669,-2.624913091e-14,0.02730652692
0,-4.290172244,-2.545695859e-14,0.02730642308
0,-4.290087938,-2.458189902e-14,0.02730631534
0,-4.289997405,-2.362769268e-14,0.02730620443
0,-4.289905042,-2.264258659e-14,0.02730609163
0,-4.289826568,-2.158332107e-14,0.02730597875
0,-4.289775377,-2.046800229e-14,0.02730586698
0,-4.28976638,-1.947460205e-14,0.02730575707
0,-4.289780536,-1.82280406e-14,0.02730564957
0,-4.289788953,-1.698635807e-14,0.02730554489
0,-4.289796196,-1.579059149e-14,0.02730544336
0,-4.289804359,-1.45464695e-14,0.02730534526
0,-4.28983961,-1.320704613e-14,0.02730525082
0,-4.289903202,-1.182073103e-14,0.02730516021
0,-4.289989517,-1.043951167e-14,0.02730507358
0,-4.290073171,-9.12274813e-15,0.02730499104
0,-4.290138849,-7.534391947e-15,0.02730491263
0,-4.290206404,-6.231831457e-15,0.02730483838
0,-4.290235498,-4.721917302e-15,0.02730476825
0,-4.290251687,-3.392522808e-15,0.02730470217
0,-4.290252521,-1.729627726e-15,0.02730464004
0,-4.290244065,-3.207070026e-16,0.02730458172
0,-4.290226713,1.064849164e-15,0.02730452705
0,-4.290179233,2.579100128e-15,0.02730447586
0,-4.29010497,3.98726191e-15,0.02730442799
0,-4.290001749,5.460855292e-15,0.02730438329
0,-4.289902271,6.899645785e-15,0.02730434166
0,-4.289799585,8.24947749e-15,0.02730430307
0,-4.289698804,9.693363733e-15,0.02730426754
0,-4.289587504,1.091244066e-14,0.02730423516
0,-4.289438351,1.241704222e-14,0.02730420613
0,-4.28927203,1.365671898e-14,0.02730418067
0,-4.289087176,1.498020458e-14,0.02730415911
0,-4.288894806,1.630206387e-14,0.02730414176
0,-4.288704912,1.749018682e-14,0.02730412895
0,-4.288536876,1.869473543e-14,0.027304121
0,-4.288391467,1.992942486e-14,0.02730411816
0,-4.288267422,2.12322564e-14,0.02730412061
0,-4.288166135,2.225108119e-14,0.02730412846
0,-4.288045287,2.3443812e-14,0.02730414172
0,-4.287960282,2.452421946e-14,0.02730416033
0,-4.287902069,2.560522324e-14,0.02730418413
0,-4.287850884,2.653736605e-14,0.02730421289
0,-4.287810455,2.765290167e-14,0.02730424633
0,-4.287782354,2.86365983e-14,0.02730428411
0,-4.28775329,2.964203319e-14,0.02730432585
0,-4.287714989,3.056658659e-14,0.02730437116
0,-4.287710208,3.142831047e-14,0.02730441962
0,-4.287703836,3.226829611e-14,0.02730447085
0,-4.287726488,3.302409344e-14,0.02730452442
0,-4.287743102,3.387795686e-14,0.02730457995
0,-4.287779548,3.472704979e-14,0.02730463705
0,-4.287812738,3.529376227e-14,0.02730469531
0,-4.287830783,3.605601061e-14,0.02730475432
0,-4.287874401,3.677792662e-14,0.02730481363
0,-4.287921855,3.739727712e-14,0.02730487281
0,-4.287975444,3.797667476e-14,0.02730493137
0,-4.288011552,3.855845764e-14,0.02730498879
0,-4.288014331,3.906971318e-14,0.02730504445
0,-4.288014223,3.956660303e-14,0.02730509764
0,-4.287999465,4.005536137e-14,0.02730514768
0,-4.287966254,4.051891201e-14,0.0273051939
0,-4.287914004,4.09135616e-14,0.02730523571
0,-4.287845094,4.117756483e-14,0.02730527304
0,-4.28776578,4.157183495e-14,0.02730530882
0,-4.287686774,4.186261797e-14,0.02730534347
0,-4.287608694,4.216554406e-14,0.02730537636
0,-4.287504446,4.248717263e-14,0.02730540648
0,-4.287416291,4.281346328e-14,0.02730543278
0,-4.287323707,4.300856546e-14,0.02730545425
0,-4.287207274,4.322892955e-14,0.02730546999
0,-4.287072504,4.342267648e-14,0.02730547929
0,-4.286920955,4.359587778e-14,0.02730548163
0,-4.286781038,4.376105598e-14,0.02730547678
0,-4.286619624,4.393057099e-14,0.02730546469
0,-4.28645635,4.404105119e-14,0.02730544558
0,-4.28628484,4.406251839e-14,0.02730541979
0,-4.286153055,4.41762512e-14,0.02730538782
0,-4.286041942,4.432836476e-14,0.02730535026
0,-4.285922147,4.433373156e-14,0.02730530776
0,-4.285798911,4.439769949e-14,0.027305261
0,-4.285694571,4.442908715e-14,0.02730521066
0,-4.285624282,4.445695114e-14,0.02730515742
0,-4.285566082,4.437867174e-14,0.02730510194
0,-4.285515576,4.442128089e-14,0.02730504485
0,-4.28545706,4.435666244e-14,0.02730498672
0,-4.285379099,4.425127799e-14,0.0273049281
0,-4.285323584,4.428873717e-14,0.02730486944
0,-4.285278404,4.413114839e-14,0.02730481114
0,-4.285267541,4.390628486e-14,0.02730475392
0,-4.285257006,4.377357851e-14,0.02730469848
0,-4.285266281,4.353369878e-14,0.02730464512
0,-4.285262373,4.342061649e-14,0.02730459396
0,-4.285260615,4.316273901e-14,0.02730454498
0,-4.285277575,4.284924195e-14,0.02730449815
0,-4.285288159,4.25202408e-14,0.02730445342
0,-4.285320752,4.217139875e-14,0.02730441074
0,-4.285392809,4.168789879e-14,0.02730437016
0,-4.285458687,4.130593437e-14,0.02730433164
0,-4.285488753,4.08191818e-14,0.02730429518
0,-4.28548782,4.044437311e-14,0.02730426075
0,-4.285480269,3.98479535e-14,0.02730422832
0,-4.2854823,3.924941969e-14,0.02730419782
0,-4.285459197,3.871664274e-14,0.02730416922
0,-4.285442601,3.793124669e-14,0.02730414245
0,-4.285398996,3.7214318e-14,0.02730411746
0,-4.285361187,3.643369243e-14,0.02730409421
0,-4.285315141,3.57444109e-14,0.02730407264
0,-4.285230801,3.49448118e-14,0.0273040527
0,-4.285111923,3.402014998e-14,0.02730403435
0,-4.28499581,3.317837541e-14,0.02730401753
0,-4.284890149,3.225333412e-14,0.0273040022
0,-4.284771743,3.120556114e-14,0.02730398831
0,-4.284643819,3.028621191e-14,0.02730397582
0,-4.284502128,2.925838825e-14,0.0273039647
0,-4.284332719,2.823734085e-14,0.02730395489
0,-4.284142814,2.702070338e-14,0.02730394636
0,-4.283946294,2.589866255e-14,0.02730393908
0,-4.283764562,2.481803825e-14,0.02730393302
0,-4.283600237,2.363913102e-14,0.02730392816
0,-4.283450191,2.24034658e-14,0.02730392448
0,-4.283316121,2.120048928e-14,0.02730392195
0,-4.283187821,1.995739728e-14,0.02730392052
0,-4.283069868,1.869614489e-14,0.02730392014
0,-4.28295405,1.735607101e-14,0.02730392076
0,-4.282829436,1.592270153e-14,0.02730392232
0,-4.282742994,1.460626325e-14,0.02730392476
0,-4.282703359,1.320834718e-14,0.02730392802
0,-4.28265762,1.174125901e-14,0.02730393205
0,-4.282603331,1.027221927e-14,0.02730393678
0,-4.282542276,8.784639682e-15,0.02730394215
0,-4.28253591,7.299011655e-15,0.02730394808
0,-4.282543363,5.722527487e-15,0.02730395451
0,-4.282549722,4.109180444e-15,0.02730396135
0,-4.282550329,2.526678953e-15,0.02730396853
0,-4.28258309,9.059593353e-16,0.02730397597
0,-4.282654545,-6.17344717e-16,0.02730398356
0,-4.28271622,-2.342310373e-15,0.02730399124
0,-4.282761636,-3.948393262e-15,0.02730399891
0,-4.282812332,-5.588411678e-15,0.02730400649
0,-4.282869015,-7.312347342e-15,0.02730401387
0,-4.282897244,-8.962719889e-15,0.02730402098
0,-4.282903785,-1.062068185e-14,0.02730402772
0,-4.282895826,-1.228590797e-14,0.027304034
0,-4.282904867,-1.386033215e-14,0.02730403974
0,-4.282889513,-1.549162274e-14,0.02730404486
0,-4.282850018,-1.71913807e-14,0.02730404928
0,-4.28278755,-1.882229182e-14,0.02730405293
0,-4.282718145,-2.036532835e-14,0.02730405572
0,-4.282644512,-2.202491661e-14,0.02730405758
0,-4.282544511,-2.351330936e-14,0.02730405846
0,-4.282428276,-2.52344803e-14,0.02730405831
0,-4.282308185,-2.683563007e-14,0.02730405707
0,-4.282187155,-2.841206003e-14,0.0273040547
0,-4.282051527,-3.005831261e-14,0.02730405116
0,-4.281899682,-3.146625755e-14,0.02730404642
0,-4.281745848,-3.316287132e-14,0.02730404045
0,-4.28158326,-3.488333754e-14,0.02730403325
0,-4.281414581,-3.629876347e-14,0.02730402479
0,-4.28122461,-3.785714147e-14,0.02730401509
0,-4.281049167,-3.941416421e-14,0.02730400414
0,-4.280900273,-4.09709159e-14,0.02730399196
0,-4.280740844,-4.248310688e-14,0.02730397857
0,-4.280591243,-4.411743323e-14,0.02730396398
0,-4.280458515,-4.562485372e-14,0.02730394824
0,-4.280333259,-4.701160251e-14,0.02730393139
0,-4.280250802,-4.859291138e-14,0.02730391347
0,-4.280161048,-5.003869498e-14,0.02730389452
0,-4.280050243,-5.139817608e-14,0.0273038746
0,-4.279974345,-5.296132456e-14,0.02730385376
0,-4.279950196,-5.42668124e-14,0.02730383205
0,-4.279908064,-5.575509672e-14,0.02730380953
0,-4.279866535,-5.719301985e-14,0.02730378627
0,-4.279820711,-5.861570994e-14,0.02730376219
0,-4.279781628,-5.999226723e-14,0.02730373719
0,-4.279763273,-6.126658425e-14,0.02730371143
0,-4.279755903,-6.259435244e-14,0.02730368505
0,-4.279761007,-6.398934117e-14,0.02730365823
0,-4.279786702,-6.52417031e-14,0.0273036311
0,-4.279821218,-6.652279639e-14,0.02730360382
0,-4.279844393,-6.784454725e-14,0.02730357652
0,-4.279865978,-6.906411207e-14,0.02730354934
0,-4.27990307,-7.040640857e-14,0.0273035224
0,-4.279915049,-7.171813057e-14,0.02730349579
0,-4.279932495,-7.297726876e-14,0.02730346964
0,-4.279932871,-7.421374713e-14,0.02730344402
0,-4.279929655,-7.550584507e-14,0.02730341903
0,-4.279897691,-7.68091645e-14,0.02730339474
0,-4.279857536,-7.813975161e-14,0.02730337125
0,-4.279785524,-7.941455653e-14,0.0273033486
0,-4.279702875,-8.079528799e-14,0.02730332687
0,-4.279622251,-8.214305972e-14,0.0273033061
0,-4.27955199,-8.353338637e-14,0.02730328635
0,-4.279469679,-8.484787309e-14,0.02730326765
0,-4.279371175,-8.633144113e-14,0.02730325002
0,-4.279250454,-8.776307589e-14,0.02730323349
0,-4.279130564,-8.92491918e-14,0.02730321805
0,-4.278996035,-9.067144821e-14,0.02730320374
0,-4.278845033,-9.214596317e-14,0.02730319054
0,-4.278688557,-9.360784717e-14,0.02730317845
0,-4.278570196,-9.520054016e-14,0.02730316744
0,-4.278453965,-9.663607805e-14,0.02730315749
0,-4.278323791,-9.819651602e-14,0.02730314858
0,-4.278196429,-9.973760099e-14,0.02730314067
0,-4.278056848,-1.01318422e-13,0.02730313371
0,-4.277905866,-1.02821072e-13,0.02730312766
0,-4.277757344,-1.043321787e-13,0.02730312247
0,-4.277618467,-1.059714382e-13,0.02730311807
0,-4.277492991,-1.075654865e-13,0.02730311441
0,-4.277383804,-1.090487292e-13,0.02730311141
0,-4.277291021,-1.106242918e-13,0.02730310902
0,-4.277195764,-1.121662442e-13,0.02730310715
0,-4.277114057,-1.137261401e-13,0.02730310574
0,-4.277021571,-1.153988472e-13,0.02730310468
0,-4.276914823,-1.168224046e-13,0.0273031039
0,-4.276829611,-1.184029545e-13,0.02730310329
0,-4.276764439,-1.199373717e-13,0.02730310273
0,-4.276722257,-1.215729449e-13,0.02730310203
0,-4.276689491,-1.231415143e-13,0.02730310097
0,-4.276661455,-1.249168412e-13,0.02730309933
0,-4.276630514,-1.265743153e-13,0.02730309689
0,-4.276613755,-1.282889268e-13,0.02730309341
0,-4.276602679,-1.300755293e-13,0.02730308872
0,-4.27659164,-1.318239138e-13,0.02730308268
0,-4.276585192,-1.335730571e-13,0.0273030752
0,-4.276594238,-1.354583763e-13,0.02730306621
0,-4.276624359,-1.371771078e-13,0.02730305567
0,-4.276662099,-1.38981437e-13,0.02730304353
0,-4.276682217,-1.408727193e-13,0.02730302978
0,-4.276667105,-1.427733799e-13,0.02730301439
0,-4.276630477,-1.447372495e-13,0.02730299736
0,-4.276577775,-1.466421927e-13,0.02730297869
0,-4.276525255,-1.486288848e-13,0.02730295841
0,-4.276467115,-1.505669504e-13,0.02730293653
0,-4.276417278,-1.524522153e-13,0.02730291308
0,-4.276375133,-1.544191749e-13,0.0273028881
0,-4.276313147,-1.562537534e-13,0.02730286163
0,-4.276243254,-1.583385658e-13,0.02730283372
0,-4.276162446,-1.601950452e-13,0.02730280443
0,-4.276068933,-1.620443688e-13,0.02730277381
0,-4.275963869,-1.638591606e-13,0.02730274193
0,-4.275831214,-1.657263736e-13,0.02730270883
0,-4.275690886,-1.676849306e-13,0.02730267458
0,-4.275547243,-1.694468134e-13,0.02730263924
0,-4.275407769,-1.713459019e-13,0.02730260289
0,-4.275267569,-1.731419912e-13,0.02730256559
0,-4.275131708,-1.748311782e-13,0.02730252741
0,-4.27501622,-1.767104258e-13,0.02730248842
0,-4.274875346,-1.78426501e-13,0.02730244869
0,-4.274722309,-1.802854198e-13,0.02730240829
0,-4.274558691,-1.823249668e-13,0.0273023673
0,-4.274407811,-1.840948726e-13,0.02730232574
0,-4.274258447,-1.860626453e-13,0.02730228367
0,-4.274131443,-1.879967536e-13,0.02730224117
0,-4.27402242,-1.899196946e-13,0.0273021983
0,-4.273914519,-1.919562599e-13,0.02730215511
0,-4.273801045,-1.939530351e-13,0.02730211167
0,-4.273679703,-1.958986359e-13,0.02730206803
0,-4.27356733,-1.979906582e-13,0.02730202426
0,-4.273461856,-1.99961033e-13,0.02730198042
0,-4.273364082,-2.020205292e-13,0.0273019366
0,-4.273314571,-2.041707732e-13,0.02730189287
0,-4.27326843,-2.064357257e-13,0.02730184932
0,-4.273214033,-2.084543475e-13,0.02730180606
0,-4.273171354,-2.106172767e-13,0.0273017632
0,-4.273153192,-2.127791758e-13,0.02730172086
0,-4.273130408,-2.149667705e-13,0.02730167918
0,-4.273108868,-2.170903431e-13,0.02730163829
0,-4.273086813,-2.192287693e-13,0.02730159834
0,-4.273112241,-2.213081606e-13,0.02730155948
0,-4.273140383,-2.234101576e-13,0.02730152185
0,-4.273188717,-2.253726177e-13,0.02730148561
0,-4.273236121,-2.273793675e-13,0.0273014509
0,-4.273260377,-2.292692945e-13,0.02730141788
0,-4.273278548,-2.313113893e-13,0.02730138667
0,-4.273260237,-2.330813494e-13,0.0273013574
0,-4.273214655,-2.349752879e-13,0.02730133018
0,-4.273166868,-2.366117827e-13,0.0273013051
0,-4.273127605,-2.382947897e-13,0.02730128223
0,-4.273083842,-2.398618955e-13,0.02730126162
0,-4.273029183,-2.414947582e-13,0.02730124331
0,-4.27294121,-2.429404876e-13,0.02730122734
0,-4.272836677,-2.444007453e-13,0.02730121371
0,-4.27273498,-2.45898679e-13,0.02730120242
0,-4.272629097,-2.472390782e-13,0.02730119345
0,-4.272508928,-2.485875004e-13,0.02730118678
0,-4.272388171,-2.498977587e-13,0.02730118237
0,-4.272250427,-2.511361887e-13,0.02730118019
0,-4.272096891,-2.5225682e-13,0.0273011802
0,-4.271939813,-2.532952689e-13,0.02730118234
0,-4.271764296,-2.542984269e-13,0.02730118659
0,-4.271594537,-2.55224173e-13,0.0273011929
0,-4.2714241,-2.560470824e-13,0.02730120123
0,-4.271285251,-2.569504939e-13,0.02730121154
0,-4.271146188,-2.57540842e-13,0.0273012238
0,-4.270994785,-2.580616385e-13,0.02730123797
0,-4.270848835,-2.585770682e-13,0.02730125401
0,-4.270709728,-2.590597008e-13,0.02730127187
0,-4.270561302,-2.592871664e-13,0.02730129149
0,-4.270392962,-2.594261069e-13,0.02730131282
0,-4.27024016,-2.594863885e-13,0.0273013358
0,-4.270121333,-2.594770644e-13,0.02730136034
0,-4.270006406,-2.592908527e-13,0.02730138637
0,-4.269898081,-2.591021473e-13,0.02730141382
0,-4.269794762,-2.586343683e-13,0.02730144258
0,-4.269715107,-2.582479586e-13,0.02730147258
0,-4.269647371,-2.576649831e-13,0.02730150372
0,-4.269578242,-2.569333093e-13,0.0273015359
0,-4.269500512,-2.56122055e-13,0.02730156901
0,-4.269437352,-2.552450439e-13,0.02730160293
0,-4.269410879,-2.543248273e-13,0.02730163756
0,-4.26940402,-2.530815184e-13,0.02730167276
0,-4.269404189,-2.519285778e-13,0.02730170837
0,-4.269416944,-2.505739214e-13,0.02730174418
0,-4.26943419,-2.492505442e-13,0.02730177996
0,-4.269467142,-2.476954189e-13,0.02730181548
0,-4.269502553,-2.462648683e-13,0.02730185049
0,-4.269556177,-2.446646943e-13,0.02730188481
0,-4.26957995,-2.43064954e-13,0.02730191827
0,-4.269593522,-2.411677086e-13,0.02730195075
0,-4.269596823,-2.394652402e-13,0.02730198215
0,-4.269592997,-2.375724942e-13,0.0273020124
0,-4.269585311,-2.356749778e-13,0.02730204148
0,-4.269560713,-2.335813292e-13,0.02730206938
0,-4.269521019,-2.314366689e-13,0.0273020961
0,-4.269480095,-2.293787447e-13,0.02730212169
0,-4.269410336,-2.271299468e-13,0.0273021462
0,-4.269308714,-2.248774626e-13,0.02730216969
0,-4.269192137,-2.22651975e-13,0.02730219223
0,-4.269063607,-2.202007565e-13,0.02730221388
0,-4.268938544,-2.177764804e-13,0.02730223473
0,-4.26880671,-2.151674563e-13,0.02730225484
0,-4.268667328,-2.125860794e-13,0.0273022743
0,-4.268516958,-2.100258444e-13,0.02730229317
0,-4.268362798,-2.072325601e-13,0.02730231152
0,-4.26820136,-2.045978946e-13,0.02730232941
0,-4.268016404,-2.018289507e-13,0.02730234691
0,-4.267835494,-1.989904552e-13,0.02730236409
0,-4.267653672,-1.961136331e-13,0.02730238103
0,-4.267476908,-1.932013577e-13,0.02730239782
0,-4.26729064,-1.902520567e-13,0.0273024146
0,-4.267115348,-1.873116462e-13,0.02730243154
0,-4.26696459,-1.84275067e-13,0.02730244886
0,-4.266833813,-1.811814587e-13,0.02730246684
0,-4.266706305,-1.779985664e-13,0.02730248581
0,-4.266565929,-1.748343766e-13,0.02730250614
0,-4.266404333,-1.717826185e-13,0.02730252825
0,-4.266251514,-1.684998712e-13,0.02730255255
0,-4.266108217,-1.653036432e-13,0.02730257947
0,-4.26599246,-1.620029523e-13,0.02730260935
0,-4.265895731,-1.58696732e-13,0.02730264245
0,-4.265819289,-1.553064318e-13,0.0273026789
0,-4.265734689,-1.519538076e-13,0.02730271876
0,-4.265639972,-1.485631822e-13,0.02730276203
0,-4.265555785,-1.450408261e-13,0.02730280865
0,-4.265490047,-1.416438039e-13,0.02730285849
0,-4.265433527,-1.381839521e-13,0.02730291142
0,-4.265406649,-1.346493988e-13,0.02730296725
0,-4.265402134,-1.311365838e-13,0.02730302576
0,-4.265409678,-1.276025184e-13,0.02730308671
0,-4.265415933,-1.240706756e-13,0.02730314986
0,-4.265419285,-1.207099741e-13,0.02730321496
0,-4.265416739,-1.171071703e-13,0.02730328177
0,-4.265412119,-1.136747489e-13,0.02730335005
0,-4.26541506,-1.100173555e-13,0.02730341961
0,-4.265435084,-1.06577453e-13,0.02730349026
0,-4.265471573,-1.030861052e-13,0.02730356187
0,-4.265487618,-9.955838237e-14,0.02730363433
0,-4.265466288,-9.612753302e-14,0.02730370757
0,-4.265471754,-9.264052199e-14,0.02730378159
0,-4.265489186,-8.919156646e-14,0.0273038564
0,-4.265463761,-8.570872961e-14,0.02730393205
0,-4.26540845,-8.231018948e-14,0.0273040089
0,-4.265313075,-7.889679578e-14,0.02730408723
0,-4.265216462,-7.546865693e-14,0.02730416713
0,-4.265103471,-7.205607638e-14,0.02730424871
0,-4.265006734,-6.850244113e-14,0.02730433202
0,-4.264917894,-6.516385738e-14,0.02730441715
0,-4.264801294,-6.171170346e-14,0.02730450417
0,-4.264651816,-5.838038386e-14,0.02730459288
0,-4.264505729,-5.503562016e-14,0.02730468283
0,-4.264352481,-5.174376552e-14,0.02730477346
0,-4.264183894,-4.830857936e-14,0.0273048641
0,-4.264008716,-4.513804695e-14,0.02730495408
0,-4.263825814,-4.181209415e-14,0.02730504269
0,-4.263658906,-3.836698754e-14,0.02730512891
0,-4.263478875,-3.517883684e-14,0.02730521192
0,-4.263297392,-3.187158653e-14,0.02730529115
0,-4.263115111,-2.86741117e-14,0.0273053662
0,-4.262923398,-2.544210502e-14,0.02730543688
0,-4.262753676,-2.23830828e-14,0.02730550303
0,-4.262604984,-1.924366699e-14,0.02730556454
0,-4.262479714,-1.618014533e-14,0.02730562135
0,-4.262358856,-1.328700604e-14,0.02730567345
0,-4.262234281,-1.032415256e-14,0.02730572087
0,-4.262092731,-7.40098087e-15,0.0273057637
0,-4.261927116,-4.717905754e-15,0.0273058021
0,-4.261780725,-2.062965684e-15,0.02730583634
0,-4.261670845,5.35487453e-16,0.02730586661
0,-4.261583606,3.073225268e-15,0.02730589315
0,-4.26149737,5.710221792e-15,0.02730591619
0,-4.261383759,8.001737294e-15,0.027305936
0,-4.261263717,1.036226226e-14,0.02730595285
0,-4.261171386,1.252063774e-14,0.02730596701
0,-4.261107936,1.483839093e-14,0.02730597874
0,-4.261082355,1.693659319e-14,0.0273059883
0,-4.261055947,1.917845223e-14,0.02730599593
0,-4.261017894,2.137629266e-14,0.02730600183
0,-4.260985153,2.329993837e-14,0.02730600621
0,-4.260974032,2.549983879e-14,0.02730600921
0,-4.260973522,2.746435891e-14,0.02730601095
0,-4.260958581,2.936659162e-14,0.02730601151
0,-4.260945075,3.131604134e-14,0.02730601092
0,-4.260936177,3.325475745e-14,0.0273060092
0,-4.260966445,3.512457252e-14,0.02730600637
0,-4.260987943,3.691350611e-14,0.02730600253
0,-4.260999635,3.880896255e-14,0.02730599786
0,-4.260976868,4.057317633e-14,0.02730599275
0,-4.260936516,4.233207751e-14,0.02730598781
0,-4.260890164,4.396515704e-14,0.027305984
0,-4.26083296,4.559183977e-14,0.0273059826
0,-4.260775295,4.711574013e-14,0.027305985
0,-4.260708054,4.850135051e-14,0.02730599252
0,-4.260617552,4.970644122e-14,0.02730600631
0,-4.260520614,5.088643265e-14,0.02730602736
0,-4.260433076,5.200863611e-14,0.02730605647
0,-4.260357561,5.286239111e-14,0.02730609421
0,-4.260268748,5.375973104e-14,0.027306141
0,-4.260141082,5.437750944e-14,0.02730619706
0,-4.259984929,5.500921984e-14,0.02730626246
0,-4.259800787,5.556259662e-14,0.02730633708
0,-4.259614971,5.581071629e-14,0.02730642066
0,-4.259459293,5.614188585e-14,0.02730651279
0,-4.259312799,5.62810974e-14,0.02730661293
0,-4.25916303,5.631384031e-14,0.02730672047
0,-4.258990473,5.62826695e-14,0.02730683478
0,-4.258811891,5.622542362e-14,0.02730695518
0,-4.258628769,5.606788905e-14,0.02730708099
0,-4.258467678,5.584280868e-14,0.02730721156
0,-4.258314497,5.575525935e-14,0.02730734619
0,-4.258153689,5.547298731e-14,0.02730748424
0,-4.257992411,5.52578816e-14,0.02730762512
0,-4.257843552,5.496915857e-14,0.02730776828
0,-4.257698986,5.474771027e-14,0.02730791323
0,-4.257576228,5.435945747e-14,0.02730805951
0,-4.257451037,5.415920533e-14,0.0273082067
0,-4.257319978,5.379903337e-14,0.02730835441
0,-4.25718128,5.35229955e-14,0.02730850218
0,-4.25705667,5.328376629e-14,0.02730864955
0,-4.256942062,5.312975537e-14,0.02730879614
0,-4.256840195,5.303434558e-14,0.02730894165
0,-4.256736355,5.287664837e-14,0.02730908585
0,-4.256628988,5.282352247e-14,0.02730922858
0,-4.256523466,5.268653352e-14,0.02730936972
0,-4.256432998,5.256743391e-14,0.02730950918
0,-4.256380031,5.24064841e-14,0.02730964694
0,-4.256338465,5.221777871e-14,0.02730978304
0,-4.256293905,5.192737516e-14,0.02730991755
0,-4.256233017,5.164906046e-14,0.02731005058
0,-4.256187206,5.141536068e-14,0.02731018228
0,-4.256151042,5.103935937e-14,0.02731031277
0,-4.256152204,5.067479639e-14,0.0273104422
0,-4.256175214,5.009518191e-14,0.02731057069
0,-4.256207019,4.948737817e-14,0.02731069833
0,-4.256211888,4.879972294e-14,0.02731082513
0,-4.256171999,4.810138832e-14,0.02731095109
0,-4.256123115,4.733306845e-14,0.02731107612
0,-4.256083777,4.657943952e-14,0.0273112001
0,-4.256055045,4.566719182e-14,0.02731132284
0,-4.255992696,4.46519449e-14,0.02731144404
0,-4.255900138,4.370912269e-14,0.02731156338
0,-4.255839902,4.28446883e-14,0.02731168055
0,-4.255781875,4.183469977e-14,0.02731179527
0,-4.255706484,4.065768989e-14,0.02731190725
0,-4.255611094,3.968743736e-14,0.0273120162
0,-4.255507082,3.868520088e-14,0.02731212185
0,-4.255374881,3.750136052e-14,0.02731222392
0,-4.255245447,3.647830735e-14,0.02731232219
0,-4.255126004,3.554171931e-14,0.02731241648
0,-4.255009474,3.450066838e-14,0.02731250662
0,-4.25486294,3.346341216e-14,0.02731259248
0,-4.254693342,3.261231346e-14,0.02731267395
0,-4.254539483,3.167854434e-14,0.02731275099
0,-4.254404165,3.080624948e-14,0.02731282356
0,-4.254250854,3.009441654e-14,0.02731289168
0,-4.254087852,2.954358763e-14,0.02731295538
0,-4.253915177,2.897394781e-14,0.02731301475
0,-4.253736209,2.841357791e-14,0.02731306983
0,-4.253551955,2.799160643e-14,0.02731312074
0,-4.253379377,2.748739821e-14,0.0273131676
0,-4.25321307,2.725359001e-14,0.02731321052
0,-4.253044924,2.684836945e-14,0.02731324962
0,-4.252880993,2.667858339e-14,0.02731328503
0,-4.252730347,2.644997936e-14,0.02731331683
0,-4.252589325,2.626121976e-14,0.02731334513
0,-4.252447649,2.614737853e-14,0.02731336999
0,-4.252312297,2.605169769e-14,0.02731339152
0,-4.252199648,2.601017275e-14,0.02731340985
0,-4.252095467,2.599835494e-14,0.02731342519
0,-4.251985686,2.605565503e-14,0.02731343787
0,-4.251879157,2.602697788e-14,0.02731344838
0,-4.251784072,2.601759953e-14,0.02731345737
0,-4.251694224,2.591270297e-14,0.02731346573
0,-4.251610971,2.582889415e-14,0.02731347435
0,-4.251529591,2.565016342e-14,0.02731348398
0,-4.251445047,2.553231064e-14,0.02731349526
0,-4.251366276,2.534154527e-14,0.0273135087
0,-4.251295866,2.510285816e-14,0.02731352469
0,-4.251230381,2.482107402e-14,0.02731354354
0,-4.251165292,2.447461721e-14,0.02731356547
0,-4.251100761,2.409780275e-14,0.02731359063
0,-4.251054639,2.354399228e-14,0.02731361909
0,-4.251046837,2.312023186e-14,0.02731365091
0,-4.251057181,2.259157488e-14,0.02731368605
0,-4.251071071,2.204345647e-14,0.02731372448
0,-4.251073456,2.151170951e-14,0.0273137661
0,-4.251040159,2.085012935e-14,0.02731381081
0,-4.250981672,2.017841189e-14,0.02731385846
0,-4.250920548,1.938385433e-14,0.0273139089
0,-4.250856642,1.876737698e-14,0.02731396195
0,-4.250776505,1.788949848e-14,0.02731401741
0,-4.250710645,1.711987756e-14,0.0273140751
0,-4.250638676,1.62207487e-14,0.02731413477
0,-4.250555037,1.545421777e-14,0.02731419623
0,-4.25046675,1.438915176e-14,0.02731425924
0,-4.250371065,1.35436367e-14,0.02731432358
0,-4.250262223,1.266315611e-14,0.02731438903
0,-4.250140716,1.162568306e-14,0.02731445538
0,-4.249996949,1.055384079e-14,0.02731452239
0,-4.249851055,9.615138546e-15,0.02731458978
0,-4.249704451,8.508547599e-15,0.02731465725
0,-4.249564962,7.424941738e-15,0.02731472458
0,-4.249423804,6.339763783e-15,0.02731479158
0,-4.24928192,5.235666501e-15,0.02731485821
0,-4.249116207,3.891093177e-15,0.02731492446
0,-4.248957076,2.641767013e-15,0.02731499044
0,-4.248792326,1.512624661e-15,0.02731505626
0,-4.248627314,7.491837012e-17,0.02731512206
0,-4.248442098,-1.14296593e-15,0.02731518796
0,-4.248251516,-2.682370385e-15,0.0273152541
0,-4.248055349,-4.153415892e-15,0.02731532053
0,-4.247868412,-5.568570778e-15,0.02731538732
0,-4.247684062,-7.177960483e-15,0.02731545444
0,-4.247512613,-8.785235994e-15,0.02731552183
0,-4.247348688,-1.036708696e-14,0.02731558938
0,-4.247173266,-1.212718077e-14,0.0273156569
0,-4.246985987,-1.373499838e-14,0.02731572421
0,-4.246816526,-1.551547519e-14,0.02731579108
0,-4.246678958,-1.729665673e-14,0.02731585725
0,-4.24656379,-1.918783058e-14,0.02731592239
0,-4.246482544,-2.091089888e-14,0.02731598617
0,-4.246388068,-2.280494587e-14,0.0273160482
0,-4.246306738,-2.45641181e-14,0.02731610813
0,-4.246233883,-2.634161335e-14,0.02731616559
0,-4.246161218,-2.814269e-14,0.02731622025
0,-4.246081679,-2.986228886e-14,0.02731627181
0,-4.245998301,-3.16879769e-14,0.02731632004
0,-4.245906638,-3.344790807e-14,0.02731636476
0,-4.24581131,-3.513151142e-14,0.02731640586
0,-4.245755718,-3.685463393e-14,0.02731644329
0,-4.245722627,-3.840856669e-14,0.02731647709
0,-4.245702353,-4.003047893e-14,0.02731650736
0,-4.245652157,-4.156462501e-14,0.02731653427
0,-4.245612496,-4.295706586e-14,0.02731655809
0,-4.24558432,-4.442924978e-14,0.02731657916
0,-4.245565187,-4.582033537e-14,0.02731659788
0,-4.245546499,-4.698617797e-14,0.02731661476
0,-4.245519471,-4.824092514e-14,0.02731663036
0,-4.245473122,-4.935364183e-14,0.02731664532
0,-4.245427118,-5.037940551e-14,0.02731666035
0,-4.245375149,-5.142690744e-14,0.02731667621
0,-4.245334027,-5.225529211e-14,0.02731669364
0,-4.245290737,-5.307072056e-14,0.02731671345
0,-4.245227492,-5.38313426e-14,0.0273167364
0,-4.245151523,-5.450484898e-14,0.0273167633
0,-4.245044562,-5.531154961e-14,0.02731679489
0,-4.244948424,-5.563578027e-14,0.02731683194
0,-4.244840153,-5.616720197e-14,0.02731687519
0,-4.244708588,-5.649202894e-14,0.02731692538
0,-4.244576778,-5.687122865e-14,0.0273169833
0,-4.244434899,-5.726479404e-14,0.02731704976
0,-4.244280153,-5.747708082e-14,0.02731712705
0,-4.244123077,-5.779491469e-14,0.02731721954
0,-4.243970992,-5.78748746e-14,0.02731732636
0,-4.243819405,-5.806021896e-14,0.02731744743
0,-4.243660382,-5.83135428e-14,0.02731758302
0,-4.243493589,-5.848728619e-14,0.02731773361
0,-4.243310866,-5.865528332e-14,0.02731789973
0,-4.243133331,-5.879688013e-14,0.02731808187
0,-4.242973787,-5.879449488e-14,0.02731828048
0,-4.242795365,-5.896536514e-14,0.02731849589
0,-4.242602809,-5.899469281e-14,0.02731872833
0,-4.242402712,-5.911433452e-14,0.02731897795
0,-4.242192504,-5.912685706e-14,0.02731924476
0,-4.241986479,-5.929517944e-14,0.02731952868
0,-4.241782324,-5.932732604e-14,0.02731982952
0,-4.241595378,-5.941726061e-14,0.02732014699
0,-4.241415549,-5.945721346e-14,0.02732048072
0,-4.241231951,-5.940311177e-14,0.02732083025
0,-4.241066629,-5.951760352e-14,0.02732119501
0,-4.240904047,-5.943363206e-14,0.02732157436
0,-4.240746107,-5.934337223e-14,0.0273219676
0,-4.240605288,-5.929967888e-14,0.02732237395
0,-4.240482106,-5.921381007e-14,0.02732279261
0,-4.240360636,-5.904212666e-14,0.02732322274
0,-4.240255834,-5.874890418e-14,0.02732366345
0,-4.24015613,-5.845633222e-14,0.02732411382
0,-4.240075513,-5.811361592e-14,0.02732457291
0,-4.239984829,-5.780244989e-14,0.0273250398
0,-4.239897464,-5.723823108e-14,0.02732551351
0,-4.239843181,-5.666138132e-14,0.02732599311
0,-4.239788346,-5.604728921e-14,0.02732647767
0,-4.239728995,-5.538717271e-14,0.02732696626
0,-4.239673161,-5.460963712e-14,0.027327458
0,-4.239626921,-5.372557867e-14,0.02732795201
0,-4.239594461,-5.277516705e-14,0.0273284474
0,-4.239574024,-5.182638173e-14,0.02732894332
0,-4.239540884,-5.055390785e-14,0.02732943892
0,-4.239500144,-4.947583142e-14,0.02732993337
0,-4.239445002,-4.819408761e-14,0.02733042585
0,-4.239412226,-4.693559994e-14,0.02733091553
0,-4.239389409,-4.541912636e-14,0.02733140161
0,-4.239373348,-4.379108838e-14,0.02733188328
0,-4.23934216,-4.232443389e-14,0.02733235973
0,-4.239304387,-4.059898034e-14,0.02733283015
0,-4.239262019,-3.865305428e-14,0.02733329377
0,-4.239205277,-3.674708107e-14,0.02733374985
0,-4.239156291,-3.466199766e-14,0.02733419766
0,-4.239080887,-3.263697906e-14,0.02733463653
0,-4.238979944,-3.030529386e-14,0.02733506581
0,-4.23886187,-2.805692961e-14,0.02733548491
0,-4.238716725,-2.563530985e-14,0.02733589327
0,-4.238553934,-2.296096256e-14,0.02733629039
0,-4.238404107,-2.033079651e-14,0.02733667582
0,-4.238271092,-1.749831833e-14,0.02733704917
0,-4.238144027,-1.460306485e-14,0.02733741021
0,-4.238012625,-1.14065658e-14,0.02733775866
0,-4.237862455,-8.270239962e-15,0.0273380943
0,-4.237694986,-4.899509617e-15,0.02733841698
0,-4.237535338,-1.450770927e-15,0.02733872659
0,-4.23737181,2.064646197e-15,0.02733902314
0,-4.237183681,5.863148508e-15,0.02733930666
0,-4.236980087,9.728437673e-15,0.02733957726
0,-4.236775066,1.378373327e-14,0.02733983512
0,-4.23656565,1.79657721e-14,0.02734008047
0,-4.236363994,2.225346643e-14,0.02734031907
0,-4.236170971,2.671224787e-14,0.02734055175
0,-4.235977655,3.142050422e-14,0.0273407759
0,-4.235774481,3.608132673e-14,0.02734098998
0,-4.235583647,4.102957123e-14,0.0273411932
0,-4.235379032,4.605739618e-14,0.02734138532
0,-4.235170665,5.120215233e-14,0.02734156648
0,-4.234996132,5.660988171e-14,0.02734173707
0,-4.234823617,6.208385585e-14,0.0273418977
0,-4.2346543,6.755658316e-14,0.02734204905
0,-4.234481815,7.332502661e-14,0.02734219189
0,-4.234320677,7.923658474e-14,0.02734232699
0,-4.234200248,8.519904617e-14,0.02734245514
0,-4.234074584,9.119560575e-14,0.02734257715
0,-4.233939349,9.731077706e-14,0.02734269388
0,-4.233800873,1.036055465e-13,0.02734280621
0,-4.233656993,1.097889683e-13,0.02734291507
0,-4.233517516,1.161408209e-13,0.02734302148
0,-4.233424672,1.225625504e-13,0.02734312654
0,-4.233352036,1.287956287e-13,0.02734323146
0,-4.233301623,1.351727432e-13,0.02734333735
0,-4.233239095,1.415078449e-13,0.0273434452
0,-4.233182404,1.478491808e-13,0.02734355581
0,-4.23312004,1.541499675e-13,0.02734366979
0,-4.23306747,1.603902016e-13,0.02734378761
0,-4.233016854,1.666040353e-13,0.02734390955
0,-4.232973494,1.726968178e-13,0.02734403578
0,-4.232912577,1.786919679e-13,0.02734416634
0,-4.232856599,1.847430629e-13,0.02734430116
0,-4.23282212,1.906550547e-13,0.02734444009
0,-4.232808863,1.965534398e-13,0.02734458293
0,-4.232804423,2.022374239e-13,0.02734472938
0,-4.23281087,2.079924232e-13,0.02734487911
0,-4.232803676,2.137732266e-13,0.02734503177
0,-4.232761265,2.191442557e-13,0.02734518693
0,-4.232694425,2.246044063e-13,0.02734534417
0,-4.23259098,2.300363133e-13,0.02734550301
0,-4.232478543,2.353369778e-13,0.02734566296
0,-4.232348595,2.406148739e-13,0.02734582353
0,-4.232213217,2.457481376e-13,0.02734598425
0,-4.232084031,2.508242095e-13,0.02734614464
0,-4.231962595,2.558180989e-13,0.02734630428
0,-4.231850193,2.60857579e-13,0.02734646274
0,-4.2317295,2.657628349e-13,0.02734661963
0,-4.231593515,2.705493165e-13,0.02734677457
0,-4.231466776,2.753398095e-13,0.02734692721
0,-4.231348552,2.802264714e-13,0.02734707721
0,-4.231195344,2.847821263e-13,0.02734722426
0,-4.231016916,2.89519385e-13,0.02734736808
0,-4.230842299,2.941986932e-13,0.02734750836
0,-4.23066906,2.986930365e-13,0.02734764485
0,-4.230493391,3.033530458e-13,0.02734777732
0,-4.230309347,3.077497025e-13,0.02734790555
0,-4.230108551,3.122591161e-13,0.02734802939
0,-4.229895487,3.166769147e-13,0.0273481487
0,-4.229680826,3.211559165e-13,0.02734826337
0,-4.229474182,3.254949478e-13,0.02734837332
0,-4.2292615,3.298309434e-13,0.0273484785
0,-4.229081175,3.341990313e-13,0.02734857887
0,-4.228921753,3.384584822e-13,0.02734867439
0,-4.228781688,3.427596206e-13,0.02734876509
0,-4.22862462,3.469654577e-13,0.027348851
0,-4.228459598,3.512148797e-13,0.02734893215
0,-4.228275661,3.553816855e-13,0.02734900864
0,-4.228078013,3.596994122e-13,0.02734908056
0,-4.227873116,3.637824091e-13,0.02734914803
0,-4.227678423,3.679529554e-13,0.02734921118
0,-4.227497901,3.72120466e-13,0.02734927012
0,-4.227318356,3.761961445e-13,0.02734932502
0,-4.227150004,3.802322498e-13,0.02734937601
0,-4.22699113,3.843654453e-13,0.02734942324
0,-4.226870291,3.884040984e-13,0.02734946687
0,-4.226756778,3.924655197e-13,0.02734950704
0,-4.226653324,3.966231098e-13,0.02734954393
0,-4.226569335,4.006305379e-13,0.0273495777
0,-4.226477392,4.046024041e-13,0.02734960852
0,-4.226395791,4.085624525e-13,0.02734963655
0,-4.22632555,4.125191942e-13,0.02734966197
0,-4.226246229,4.164936083e-13,0.02734968496
0,-4.226181095,4.205219072e-13,0.02734970569
0,-4.226118697,4.2446553e-13,0.02734972434
0,-4.226068179,4.283095688e-13,0.02734974108
0,-4.226025116,4.322776403e-13,0.02734975608
0,-4.225995035,4.362290694e-13,0.02734976954
0,-4.225962834,4.401044958e-13,0.02734978162
0,-4.225937713,4.439830122e-13,0.0273497925
0,-4.225904294,4.478459162e-13,0.02734980236
0,-4.225878977,4.516885997e-13,0.02734981135
0,-4.225830132,4.556181279e-13,0.02734981967
0,-4.225778859,4.594173349e-13,0.02734982748
0,-4.225710892,4.632673368e-13,0.02734983495
0,-4.225624702,4.670625323e-13,0.02734984074
0,-4.225508086,4.707378693e-13,0.0273498455
0,-4.225394657,4.744953345e-13,0.02734984974
0,-4.225273774,4.782307363e-13,0.02734985387
0,-4.225139207,4.819146926e-13,0.02734985823
0,-4.224970894,4.855255195e-13,0.02734986309
0,-4.224828561,4.892209684e-13,0.02734986868
0,-4.224692265,4.927667974e-13,0.02734987517
0,-4.224576506,4.963164753e-13,0.02734988274
0,-4.224449164,4.998214299e-13,0.02734989151
0,-4.2242847,5.033852024e-13,0.0273499016
0,-4.224102017,5.068845192e-13,0.02734991312
0,-4.223944036,5.10249449e-13,0.02734992612
0,-4.223788817,5.136782384e-13,0.02734994069
0,-4.223630754,5.171249713e-13,0.02734995687
0,-4.223440833,5.203896125e-13,0.0273499747
0,-4.223219213,5.238244734e-13,0.02734999421
0,-4.223005054,5.270904156e-13,0.02735001542
0,-4.222794926,5.303980454e-13,0.02735003833
0,-4.222586144,5.337025852e-13,0.02735006294
0,-4.222404116,5.369967708e-13,0.02735008925
0,-4.222238276,5.40295998e-13,0.02735011724
0,-4.222080598,5.434651752e-13,0.02735014686
0,-4.221912578,5.466122889e-13,0.02735017806
0,-4.221725477,5.498648412e-13,0.02735021081
0,-4.22154701,5.529507516e-13,0.02735024502
0,-4.221346538,5.561301203e-13,0.02735028065
0,-4.221162322,5.592363053e-13,0.02735031762
0,-4.220975163,5.622934843e-13,0.02735035583
0,-4.220782627,5.652634936e-13,0.02735039521
0,-4.22059102,5.683271236e-13,0.02735043565
0,-4.220391695,5.712704073e-13,0.02735047706
0,-4.220194259,5.742267556e-13,0.02735051932
0,-4.220035416,5.770914887e-13,0.02735056233
0,-4.21990416,5.799376279e-13,0.02735060597
0,-4.219797957,5.826131678e-13,0.02735065012
0,-4.219669713,5.853116386e-13,0.02735069465
0,-4.219575183,5.879274389e-13,0.02735073945
0,-4.219483731,5.905112011e-13,0.02735078439
0,-4.219383669,5.929847542e-13,0.02735082934
0,-4.219276182,5.953486402e-13,0.02735087419
0,-4.219173287,5.978668081e-13,0.02735091881
0,-4.219107629,6.000380856e-13,0.02735096309
0,-4.219046238,6.023039055e-13,0.02735100693
0,-4.218983553,6.044301886e-13,0.02735105021
0,-4.218891433,6.065862873e-13,0.02735109283
0,-4.2187787,6.08600247e-13,0.02735113468
0,-4.218704468,6.104908788e-13,0.02735117566
0,-4.218659047,6.12357387e-13,0.02735121568
0,-4.218643664,6.142438988e-13,0.02735125466
0,-4.218630641,6.159498367e-13,0.02735129251
0,-4.21861825,6.176113223e-13,0.02735132916
0,-4.218587799,6.191869391e-13,0.02735136454
0,-4.218541203,6.20749166e-13,0.02735139859
0,-4.218504964,6.223128566e-13,0.02735143127
0,-4.218447563,6.237756622e-13,0.02735146252
0,-4.21835679,6.25118555e-13,0.02735149231
0,-4.218219572,6.264808008e-13,0.02735152062
0,-4.21807186,6.276635028e-13,0.02735154742
0,-4.217928389,6.288582394e-13,0.0273515727
0,-4.217790708,6.300108005e-13,0.02735159645
0,-4.217637307,6.310528272e-13,0.02735161868
0,-4.217507135,6.320327291e-13,0.0273516394
0,-4.217413835,6.328703837e-13,0.02735165864
0,-4.217330197,6.33597016e-13,0.02735167644
0,-4.217220787,6.343170889e-13,0.02735169285
0,-4.217056201,6.349040217e-13,0.02735170789
0,-4.216875243,6.352971534e-13,0.02735172164
0,-4.216668519,6.356844847e-13,0.02735173413
0,-4.216442567,6.360045953e-13,0.02735174545
0,-4.216229646,6.360963731e-13,0.02735175565
0,-4.216022337,6.360501318e-13,0.02735176481
0,-4.215824307,6.359722319e-13,0.027351773
0,-4.215614653,6.356880625e-13,0.02735178029
0,-4.215404388,6.351608692e-13,0.02735178677
0,-4.215190745,6.345159858e-13,0.02735179252
0,-4.214972617,6.336620681e-13,0.02735179762
0,-4.214773473,6.32427975e-13,0.02735180216
0,-4.214578892,6.310141754e-13,0.02735180623
0,-4.21438694,6.294447385e-13,0.02735180992
0,-4.214167678,6.275223396e-13,0.02735181329
0,-4.213942344,6.254282032e-13,0.02735181644
0,-4.21372792,6.230945122e-13,0.02735181946
0,-4.213507918,6.204567567e-13,0.02735182241
0,-4.213312064,6.174773691e-13,0.0273518254
0,-4.213119574,6.14348199e-13,0.0273518285
0,-4.212930406,6.108807037e-13,0.0273518318
0,-4.212753009,6.070703293e-13,0.02735183537
0,-4.212593446,6.030425725e-13,0.02735183929
0,-4.212419271,5.985629744e-13,0.0273518436
0,-4.212254066,5.938012126e-13,0.02735184835
0,-4.212139274,5.88697873e-13,0.02735185356
0,-4.212058551,5.831971191e-13,0.02735185927
0,-4.211983613,5.774534496e-13,0.0273518655
0,-4.211894202,5.71351614e-13,0.02735187225
0,-4.211794556,5.647509912e-13,0.02735187951
0,-4.211702106,5.578643016e-13,0.02735188728
0,-4.211596004,5.504545929e-13,0.02735189554
0,-4.211507393,5.427757853e-13,0.02735190425
0,-4.211423975,5.345929862e-13,0.02735191339
0,-4.211321402,5.259576412e-13,0.0273519229
0,-4.211210059,5.169304112e-13,0.02735193276
0,-4.211107535,5.074276502e-13,0.02735194291
0,-4.211048835,4.975389675e-13,0.0273519533
0,-4.210986001,4.870553288e-13,0.02735196389
0,-4.210945207,4.761470623e-13,0.02735197462
0,-4.210930937,4.646454662e-13,0.02735198543
0,-4.210906352,4.527440705e-13,0.02735199628
0,-4.210914992,4.401788179e-13,0.02735200709
0,-4.210900562,4.270908171e-13,0.02735201782
0,-4.210861628,4.135031076e-13,0.02735202842
0,-4.210804382,3.993027155e-13,0.02735203881
0,-4.21071725,3.843847983e-13,0.02735204895
0,-4.210631142,3.689789902e-13,0.02735205876
0,-4.210538146,3.528966399e-13,0.02735206819
0,-4.210436597,3.362282783e-13,0.02735207716
0,-4.210336682,3.188636963e-13,0.02735208563
0,-4.210230456,3.007875524e-13,0.02735209351
0,-4.210129731,2.821816674e-13,0.02735210075
0,-4.210046397,2.627700032e-13,0.02735210727
0,-4.209941298,2.427501017e-13,0.02735211301
0,-4.209836344,2.219425815e-13,0.02735211789
0,-4.209705794,2.005401054e-13,0.02735212186
0,-4.209558398,1.78332067e-13,0.02735212485
0,-4.209402259,1.554636411e-13,0.02735212678
0,-4.209223031,1.319982535e-13,0.0273521276
0,-4.20902013,1.076372606e-13,0.02735212724
0,-4.208788027,8.271448847e-14,0.02735212565
0,-4.208545718,5.705689827e-14,0.02735212277
0,-4.208306524,3.070048556e-14,0.02735211856
0,-4.208087959,3.570006703e-15,0.02735211299
0,-4.207862746,-2.410230219e-14,0.02735210605
0,-4.207631441,-5.262234875e-14,0.02735209771
0,-4.207409691,-8.166292078e-14,0.02735208796
0,-4.207189815,-1.114673132e-13,0.02735207682
0,-4.206953397,-1.41825733e-13,0.02735206428
0,-4.206711482,-1.728661702e-13,0.02735205038
0,-4.206468982,-2.044243681e-13,0.02735203512
0,-4.206235215,-2.367032351e-13,0.02735201855
0,-4.206044351,-2.696698659e-13,0.02735200072
0,-4.20585455,-3.030850852e-13,0.0273519817
0,-4.205639976,-3.370314011e-13,0.02735196155
0,-4.205423285,-3.715123912e-13,0.02735194038
0,-4.205190543,-4.06669544e-13,0.02735191827
0,-4.204967586,-4.421707141e-13,0.02735189533
0,-4.204785641,-4.783087446e-13,0.02735187169
0,-4.204659605,-5.149190536e-13,0.02735184745
0,-4.204527977,-5.518592853e-13,0.02735182273
0,-4.204375934,-5.893660126e-13,0.02735179767
0,-4.204263242,-6.272588785e-13,0.0273517724
0,-4.204126743,-6.655627655e-13,0.02735174706
0,-4.203993353,-7.043939e-13,0.0273517218
0,-4.203876928,-7.434256661e-13,0.02735169675
0,-4.203756853,-7.827659419e-13,0.02735167209
0,-4.203645592,-8.225327971e-13,0.02735164795
0,-4.203516365,-8.625316715e-13,0.0273516245
0,-4.203401075,-9.027258108e-13,0.02735160188
0,-4.203258623,-9.432901509e-13,0.02735158025
0,-4.203130323,-9.840616278e-13,0.02735155978
0,-4.203011388,-1.024898753e-12,0.02735154062
0,-4.202926217,-1.065888914e-12,0.02735152293
0,-4.202869587,-1.107054335e-12,0.02735150688
0,-4.202808841,-1.14838255e-12,0.02735149265
0,-4.202739176,-1.189583154e-12,0.02735148038
0,-4.202697228,-1.230907412e-12,0.02735147025
0,-4.202628582,-1.272116798e-12,0.02735146241
0,-4.202594087,-1.313352422e-12,0.02735145701
0,-4.202545835,-1.354420157e-12,0.02735145421
0,-4.202487857,-1.39538061e-12,0.0273514541
0,-4.202439669,-1.436237902e-12,0.0273514568
0,-4.20239245,-1.476773348e-12,0.02735146238
0,-4.20234777,-1.517271551e-12,0.0273514709
0,-4.202321573,-1.557184666e-12,0.02735148238
0,-4.202335898,-1.596982366e-12,0.02735149683
0,-4.202323181,-1.636285454e-12,0.02735151421
0,-4.202267397,-1.675240675e-12,0.02735153448
0,-4.202197666,-1.713711692e-12,0.02735155754
0,-4.202132313,-1.751391729e-12,0.02735158329
0,-4.202046459,-1.78866416e-12,0.02735161158
0,-4.20195167,-1.825268235e-12,0.02735164227
0,-4.201830449,-1.861027174e-12,0.02735167518
0,-4.201678175,-1.896071462e-12,0.02735171013
0,-4.201507989,-1.930467505e-12,0.027351747
0,-4.201346899,-1.963832417e-12,0.02735178562
0,-4.201168664,-1.996245942e-12,0.0273518258
0,-4.200981914,-2.027835094e-12,0.02735186733
0,-4.200779731,-2.058419516e-12,0.02735190998
0,-4.200565394,-2.087691836e-12,0.02735195357
0,-4.200373251,-2.115966202e-12,0.02735199791
0,-4.200173102,-2.143096627e-12,0.02735204283
0,-4.199987276,-2.169095958e-12,0.02735208812
0,-4.199781501,-2.193553065e-12,0.02735213364
0,-4.199562174,-2.216800582e-12,0.0273521792
0,-4.1993498,-2.23857353e-12,0.02735222465
0,-4.199131519,-2.259060343e-12,0.02735226985
0,-4.198913688,-2.278093946e-12,0.0273523146
0,-4.198675651,-2.2953925e-12,0.0273523588
0,-4.198415985,-2.311195126e-12,0.02735240231
0,-4.198178871,-2.32543661e-12,0.02735244503
0,-4.197950476,-2.338035744e-12,0.02735248686
0,-4.197735735,-2.348931596e-12,0.02735252767
0,-4.197529882,-2.357958501e-12,0.02735256738
0,-4.197327429,-2.365336442e-12,0.02735260588
0,-4.197122337,-2.370759838e-12,0.02735264308
0,-4.196925379,-2.374377984e-12,0.02735267888
0,-4.196737515,-2.375853746e-12,0.02735271321
0,-4.196579786,-2.375508861e-12,0.02735274598
0,-4.196427004,-2.373242499e-12,0.02735277711
0,-4.196299841,-2.368788271e-12,0.02735280655
0,-4.196159806,-2.36224343e-12,0.02735283422
0,-4.196005723,-2.353630691e-12,0.0273528601
0,-4.195830318,-2.342681387e-12,0.02735288413
0,-4.195659437,-2.329611113e-12,0.02735290629
0,-4.195482988,-2.314323646e-12,0.02735292655
0,-4.195313236,-2.296807709e-12,0.02735294493
0,-4.195158789,-2.276917262e-12,0.02735296142
0,-4.195047537,-2.254677185e-12,0.02735297603
0,-4.194971797,-2.230262362e-12,0.02735298879
0,-4.194902039,-2.20327684e-12,0.02735299976
0,-4.194835156,-2.174159832e-12,0.02735300901
0,-4.19476027,-2.142572361e-12,0.02735301666
0,-4.194671012,-2.108594224e-12,0.02735302282
0,-4.194562527,-2.072325709e-12,0.02735302764
0,-4.194459784,-2.03366783e-12,0.02735303126
0,-4.194369839,-1.992708136e-12,0.02735303384
0,-4.194272522,-1.949432586e-12,0.02735303555
0,-4.194167329,-1.903736608e-12,0.0273530366
0,-4.194057396,-1.855736485e-12,0.02735303716
0,-4.193987605,-1.805366349e-12,0.02735303741
0,-4.193939018,-1.752841091e-12,0.02735303752
0,-4.193890582,-1.69797607e-12,0.02735303766
0,-4.193864856,-1.64093538e-12,0.02735303799
0,-4.193863337,-1.581621065e-12,0.02735303869
0,-4.193852681,-1.520145934e-12,0.02735303989
0,-4.193838111,-1.456510422e-12,0.02735304176
0,-4.193784724,-1.390839917e-12,0.02735304443
0,-4.193711563,-1.323150465e-12,0.02735304805
0,-4.193615404,-1.253371376e-12,0.02735305276
0,-4.193505367,-1.181866887e-12,0.02735305872
0,-4.193391557,-1.108339874e-12,0.02735306611
0,-4.193278675,-1.033113102e-12,0.02735307515
0,-4.193172432,-9.560366821e-13,0.02735308609
0,-4.193057523,-8.773127624e-13,0.02735309925
0,-4.19293418,-7.970390298e-13,0.027353115
0,-4.192791381,-7.153117616e-13,0.02735313376
0,-4.192649664,-6.321497687e-13,0.027353156
0,-4.192514527,-5.476480272e-13,0.02735318224
0,-4.192370918,-4.617447375e-13,0.02735321298
0,-4.192226895,-3.747954096e-13,0.02735324864
0,-4.192069877,-2.866134522e-13,0.02735328952
0,-4.191890372,-1.974087126e-13,0.02735333581
0,-4.191694327,-1.072809376e-13,0.02735338761
0,-4.191492095,-1.630038335e-14,0.02735344487
0,-4.19128671,7.564023193e-14,0.02735350748
0,-4.191067526,1.682518599e-13,0.0273535752
0,-4.190808965,2.616289347e-13,0.02735364773
0,-4.190561191,3.555041461e-13,0.02735372475
0,-4.190306072,4.500042374e-13,0.02735380586
0,-4.190083448,5.448094233e-13,0.02735389067
0,-4.1898352,6.401466271e-13,0.02735397873
0,-4.18957945,7.357326554e-13,0.02735406963
0,-4.189322549,8.3157629e-13,0.02735416293
0,-4.189083657,9.277247482e-13,0.02735425818
0,-4.188885429,1.023906003e-12,0.02735435497
0,-4.188727698,1.120064978e-12,0.02735445286
0,-4.188593214,1.216339366e-12,0.02735455139
0,-4.188442579,1.312452263e-12,0.02735465011
0,-4.188269095,1.408389139e-12,0.02735474862
0,-4.188120254,1.504201494e-12,0.02735484654
0,-4.188003516,1.59948747e-12,0.02735494356
0,-4.187876229,1.694476536e-12,0.02735503941
0,-4.18773721,1.788973592e-12,0.02735513387
0,-4.187585379,1.883079467e-12,0.02735522678
0,-4.187404327,1.976512107e-12,0.02735531798
0,-4.187226741,2.069173229e-12,0.0273554074
0,-4.187052593,2.161141763e-12,0.02735549494
0,-4.186866547,2.252356884e-12,0.02735558054
0,-4.186718529,2.34266751e-12,0.02735566416
0,-4.186612337,2.432073585e-12,0.02735574578
0,-4.186526184,2.520300808e-12,0.02735582538
0,-4.186476456,2.60775841e-12,0.02735590294
0,-4.186426732,2.693866831e-12,0.02735597848
0,-4.186370229,2.778867956e-12,0.02735605197
0,-4.186279109,2.862733596e-12,0.02735612341
0,-4.186165134,2.945297001e-12,0.0273561928
0,-4.186068594,3.026583649e-12,0.0273562601
0,-4.185988729,3.106520954e-12,0.02735632528
0,-4.185898369,3.185166649e-12,0.02735638831
0,-4.185796605,3.262454868e-12,0.02735644918
0,-4.185694189,3.338199996e-12,0.02735650782
0,-4.185556159,3.412730927e-12,0.02735656421
0,-4.185435928,3.485676971e-12,0.02735661827
0,-4.185382245,3.55717555e-12,0.02735666996
0,-4.185391308,3.627141718e-12,0.0273567192
0,-4.185380632,3.695781853e-12,0.02735676594
0,-4.185382461,3.7628609e-12,0.02735681012
0,-4.185401129,3.828392139e-12,0.02735685168
0,-4.185387915,3.892343262e-12,0.02735689056
0,-4.185347789,3.954849848e-12,0.02735692668
0,-4.185305924,4.015715711e-12,0.02735696002
0,-4.185210407,4.075244645e-12,0.02735699056
0,-4.185078506,4.133163321e-12,0.0273570183
0,-4.184928566,4.189540696e-12,0.02735704328
0,-4.18480186,4.24426992e-12,0.02735706558
0,-4.18465674,4.297513029e-12,0.02735708526
0,-4.184471995,4.34923858e-12,0.02735710244
0,-4.184297729,4.399469504e-12,0.02735711722
0,-4.184115591,4.448138201e-12,0.02735712975
0,-4.183942041,4.495469969e-12,0.02735714015
0,-4.183779542,4.54127892e-12,0.02735714859
0,-4.183646907,4.585552424e-12,0.02735715524
0,-4.183482716,4.628442866e-12,0.02735716024
0,-4.183269988,4.669916851e-12,0.02735716378
0,-4.183074119,4.710043228e-12,0.02735716604
0,-4.182848958,4.748668039e-12,0.02735716719
0,-4.182630188,4.786157256e-12,0.02735716741
0,-4.182439369,4.822085385e-12,0.02735716687
0,-4.182260865,4.856821271e-12,0.02735716573
0,-4.182060433,4.890218764e-12,0.02735716413
0,-4.18182136,4.922113335e-12,0.02735716223
0,-4.181574188,4.953038468e-12,0.02735716016
0,-4.181337359,4.98259409e-12,0.02735715813
0,-4.181122374,5.010892851e-12,0.02735715638
0,-4.180888318,5.038016608e-12,0.02735715524
0,-4.180666618,5.063823059e-12,0.02735715514
0,-4.180485098,5.088353025e-12,0.0273571566
0,-4.180321802,5.111728857e-12,0.02735716033
0,-4.180156407,5.133898352e-12,0.02735716713
0,-4.180007126,5.154964671e-12,0.02735717777
0,-4.179849626,5.174824545e-12,0.02735719292
0,-4.179717227,5.193625369e-12,0.02735721313
0,-4.179579249,5.211488088e-12,0.02735723878
0,-4.179439973,5.228241071e-12,0.02735727014
0,-4.179298011,5.244156346e-12,0.02735730733
0,-4.179132747,5.259122185e-12,0.02735735035
0,-4.178948473,5.273128451e-12,0.02735739911
0,-4.178780006,5.286353657e-12,0.02735745346
0,-4.178616332,5.298856352e-12,0.02735751314
0,-4.178486741,5.310534618e-12,0.02735757786
0,-4.178392937,5.321655117e-12,0.02735764728
0,-4.178272363,5.332273251e-12,0.02735772105
0,-4.17813695,5.342203513e-12,0.02735779876
0,-4.178026334,5.351703781e-12,0.02735788002
0,-4.177928274,5.360715019e-12,0.02735796443
0,-4.177852939,5.369470114e-12,0.02735805159
0,-4.177800823,5.377838582e-12,0.02735814111
0,-4.177754925,5.385824219e-12,0.02735823259
0,-4.17770593,5.393792726e-12,0.02735832566
0,-4.177660457,5.401574533e-12,0.02735841995
0,-4.177604905,5.409188451e-12,0.02735851509
0,-4.177537084,5.416791961e-12,0.02735861071
0,-4.177447247,5.424377039e-12,0.0273587065
0,-4.177330532,5.43189777e-12,0.02735880218
0,-4.177200729,5.439548551e-12,0.02735889752
0,-4.17705934,5.447359794e-12,0.02735899234
0,-4.17695879,5.455380071e-12,0.02735908653
0,-4.176902039,5.463330472e-12,0.02735918003
0,-4.176859231,5.471590195e-12,0.02735927282
0,-4.176834401,5.480082046e-12,0.02735936491
0,-4.176810849,5.488824347e-12,0.02735945633
0,-4.176766574,5.497827237e-12,0.02735954712
0,-4.176693872,5.507074668e-12,0.02735963735
0,-4.176644863,5.516516822e-12,0.02735972708
0,-4.176563437,5.526290905e-12,0.02735981632
0,-4.176453362,5.536367751e-12,0.02735990509
0,-4.176348344,5.54699586e-12,0.02735999336
0,-4.176240625,5.557792399e-12,0.02736008108
0,-4.176114574,5.56899752e-12,0.02736016816
0,-4.17597558,5.580486323e-12,0.02736025449
0,-4.17582114,5.592508553e-12,0.02736033994
0,-4.175635688,5.604805248e-12,0.02736042435
0,-4.175436551,5.617557309e-12,0.02736050754
0,-4.175258896,5.630826968e-12,0.02736058893
0,-4.175130927,5.644444764e-12,0.02736066835
0,-4.175039526,5.658541452e-12,0.02736074568
0,-4.174917471,5.673005577e-12,0.02736082076
0,-4.174768023,5.688036956e-12,0.02736089345
0,-4.174638304,5.703427314e-12,0.02736096361
0,-4.174484433,5.719311147e-12,0.02736103114
0,-4.174314179,5.735569083e-12,0.02736109592
0,-4.174137556,5.752394383e-12,0.02736115785
0,-4.173921395,5.769638727e-12,0.02736121687
0,-4.173710228,5.787219282e-12,0.02736127291
0,-4.173485854,5.805201209e-12,0.02736132597
0,-4.173256997,5.823581038e-12,0.02736137607
0,-4.172998258,5.842417641e-12,0.02736142326
0,-4.172745276,5.86140522e-12,0.02736146765
0,-4.172530267,5.880748959e-12,0.02736150938
0,-4.172321745,5.900337727e-12,0.02736154862
0,-4.172100709,5.920250835e-12,0.02736158556
0,-4.171882906,5.940297299e-12,0.02736162045
0,-4.171707601,5.960473434e-12,0.02736165352
0,-4.171526521,5.980714405e-12,0.02736168506
0,-4.171357965,6.001028667e-12,0.02736171535
0,-4.17122829,6.021408361e-12,0.02736174468
0,-4.171085403,6.041771413e-12,0.02736177336
0,-4.170916106,6.062016449e-12,0.02736180168
0,-4.170739811,6.082103462e-12,0.02736182995
0,-4.170570413,6.101994344e-12,0.02736185847
0,-4.170388682,6.121719017e-12,0.02736188749
0,-4.170180909,6.140991741e-12,0.02736191726
0,-4.169978506,6.159960996e-12,0.02736194795
0,-4.169797756,6.178566231e-12,0.02736197974
0,-4.169663227,6.196567565e-12,0.02736201275
0,-4.169560224,6.214221086e-12,0.02736204712
0,-4.169478222,6.230908909e-12,0.02736208297
0,-4.169359359,6.247136651e-12,0.02736212047
0,-4.169219628,6.262497519e-12,0.02736215982
0,-4.169109503,6.276989345e-12,0.02736220129
0,-4.169015655,6.290526693e-12,0.02736224524
0,-4.168930838,6.303011607e-12,0.02736229216
0,-4.168829708,6.314428418e-12,0.02736234269
0,-4.168746486,6.324689795e-12,0.02736239757
0,-4.168639664,6.333736758e-12,0.02736245756
0,-4.168555148,6.341457632e-12,0.02736252329
0,-4.168474939,6.347747415e-12,0.02736259528
0,-4.1684314,6.352773559e-12,0.02736267466
0,-4.168408585,6.356414256e-12,0.02736276622
0,-4.168364739,6.358484757e-12,0.02736286688
0,-4.168331156,6.359110341e-12,0.02736297478
0,-4.1683062,6.358280113e-12,0.02736308872
0,-4.168296435,6.355878985e-12,0.0273632079
0,-4.168269623,6.351901373e-12,0.02736333172
0,-4.168229734,6.34626672e-12,0.02736345969
0,-4.168219732,6.339229922e-12,0.0273635914
0,-4.16820358,6.33042658e-12,0.02736372646
0,-4.168158046,6.320003169e-12,0.02736386449
0,-4.168079273,6.308042359e-12,0.02736400512
0,-4.168003351,6.294259764e-12,0.02736414797
0,-4.167927033,6.27920849e-12,0.02736429265
0,-4.167855775,6.262275366e-12,0.0273644388
0,-4.167809573,6.243938363e-12,0.02736458603
0,-4.167725989,6.223917757e-12,0.02736473398
0,-4.167631747,6.202369401e-12,0.02736488227
0,-4.16753192,6.179210084e-12,0.02736503056
0,-4.167414366,6.154621029e-12,0.02736517853
0,-4.167283752,6.128326091e-12,0.02736532587
0,-4.167151752,6.100621961e-12,0.02736547233
0,-4.167001672,6.07138092e-12,0.02736561767
0,-4.166841946,6.040697944e-12,0.02736576168
0,-4.16665714,6.008497736e-12,0.02736590416
0,-4.166463806,5.974866923e-12,0.02736604494
0,-4.166326166,5.939647971e-12,0.02736618383
0,-4.166187708,5.903117405e-12,0.02736632069
0,-4.166038413,5.865033556e-12,0.02736645539
0,-4.165886971,5.82567924e-12,0.02736658777
0,-4.16574701,5.78493438e-12,0.02736671772
0,-4.165562784,5.742745797e-12,0.0273668451
0,-4.165306902,5.699381668e-12,0.02736696976
0,-4.165042199,5.654661797e-12,0.02736709157
0,-4.164793484,5.608816092e-12,0.02736721036
0,-4.164525082,5.561752339e-12,0.02736732596
0,-4.164292507,5.513603517e-12,0.02736743822
0,-4.164066392,5.464486665e-12,0.02736754695
0,-4.16384321,5.414252651e-12,0.02736765199
0,-4.163613639,5.363210418e-12,0.02736775319
0,-4.163382189,5.311342674e-12,0.02736785038
0,-4.16313868,5.25856626e-12,0.02736794343
0,-4.162896282,5.205265418e-12,0.02736803423
0,-4.162650423,5.15132018e-12,0.02736812437
0,-4.162434563,5.096752881e-12,0.02736821234
0,-4.162253697,5.041743498e-12,0.02736829703
0,-4.162052916,4.986360391e-12,0.02736837766
0,-4.161833422,4.930765865e-12,0.02736845367
0,-4.161617842,4.874780863e-12,0.02736852473
0,-4.161376059,4.818874087e-12,0.02736859063
0,-4.161145777,4.762847235e-12,0.02736865131
0,-4.160965299,4.706705457e-12,0.02736870677
0,-4.160794331,4.650688526e-12,0.02736875713
0,-4.160700199,4.594870654e-12,0.02736880252
0,-4.160637117,4.5393247e-12,0.02736884315
0,-4.160589444,4.483925709e-12,0.02736887927
0,-4.16056861,4.428933565e-12,0.02736891117
0,-4.160512478,4.374350491e-12,0.02736893915
0,-4.160438087,4.320263494e-12,0.02736896356
0,-4.160415095,4.266684391e-12,0.02736898475
0,-4.160410281,4.213699647e-12,0.02736900311
0,-4.160406875,4.161332303e-12,0.02736901901
0,-4.160391347,4.109748349e-12,0.0273690328
0,-4.160367888,4.05886506e-12,0.0273690448
0,-4.1603265,4.008637985e-12,0.02736905539
0,-4.16028228,3.959505629e-12,0.02736906497
0,-4.160248797,3.911148152e-12,0.0273690739
0,-4.160244642,3.863823812e-12,0.02736908254
0,-4.160231707,3.817442781e-12,0.0273690912
0,-4.160235411,3.771990045e-12,0.02736910019
0,-4.160239913,3.727719197e-12,0.0273691098
0,-4.160226191,3.684387105e-12,0.02736912027
0,-4.160234672,3.642212888e-12,0.02736913183
0,-4.160262494,3.601091918e-12,0.02736914471
0,-4.160274697,3.561007609e-12,0.02736915912
0,-4.160259012,3.522126872e-12,0.02736917534
0,-4.160216309,3.484325404e-12,0.02736919367
0,-4.160142347,3.447537232e-12,0.0273692145
0,-4.160060594,3.411771083e-12,0.02736923831
0,-4.159985959,3.377219999e-12,0.02736926568
0,-4.159911329,3.343537632e-12,0.02736929732
0,-4.159832483,3.310940389e-12,0.02736933397
0,-4.159752523,3.279163616e-12,0.02736937632
0,-4.159650249,3.248661539e-12,0.02736942492
0,-4.159523721,3.218902304e-12,0.02736948016
0,-4.159364957,3.190279096e-12,0.0273695423
0,-4.159224758,3.162689945e-12,0.02736961145
0,-4.159095958,3.136101405e-12,0.02736968759
0,-4.158971714,3.110470052e-12,0.02736977058
0,-4.158831004,3.085959114e-12,0.02736986021
0,-4.158642827,3.062560242e-12,0.02736995615
0,-4.158432802,3.040251319e-12,0.02737005803
0,-4.158207287,3.018938886e-12,0.02737016543
0,-4.157995809,2.998934326e-12,0.02737027787
0,-4.157803647,2.980029906e-12,0.02737039483
0,-4.15763693,2.962192015e-12,0.02737051579
0,-4.157449055,2.945609848e-12,0.02737064021
0,-4.15728848,2.93017623e-12,0.02737076753
0,-4.157164963,2.915826597e-12,0.02737089717
0,-4.157016173,2.902855473e-12,0.02737102858
0,-4.156829131,2.890993001e-12,0.02737116124
0,-4.156648683,2.880365217e-12,0.02737129463
0,-4.156440819,2.870900132e-12,0.02737142828
0,-4.156178612,2.862700149e-12,0.02737156168
0,-4.155927548,2.855849888e-12,0.02737169431
0,-4.155706646,2.850193118e-12,0.0273718257
0,-4.155495158,2.845573549e-12,0.02737195542
0,-4.155272727,2.842218214e-12,0.02737208314
